date,open,high,low,close,volume,bar_count,vwap
2020-11-17,9.6,9.6,9.6,9.6,0.0,0,9.6
2020-11-18,9.6,9.6,9.6,9.6,0.0,0,9.6
2020-11-19,7.64,7.64,7.64,7.64,0.0,0,7.64
2020-11-20,9.65,9.65,9.65,9.65,0.0,0,9.65
2020-11-23,9.7,9.7,9.7,9.7,0.0,0,9.7
2020-11-24,9.75,9.75,9.74,9.75,900.0,2,9.747
2020-11-25,9.75,9.75,9.74,9.75,0.0,0,9.75
2020-11-27,9.8,9.82,9.8,9.82,4500.0,3,9.802
2020-11-30,9.82,10.8,9.72,9.95,52749.0,39,9.858
2020-12-01,9.87,9.97,9.87,9.97,1800.0,12,9.953
2020-12-02,10.11,10.11,9.97,10.05,78500.0,30,10.055
2020-12-03,10.05,10.05,10.05,10.05,1100.0,4,10.05
2020-12-04,10.04,10.19,9.99,10.06,77986.0,248,10.045
2020-12-07,10.1,10.25,10.05,10.2,186030.0,105,10.185
2020-12-08,10.12,10.2,9.9,10.19,14097.0,21,10.148
2020-12-09,10.21,11.39,10.2,10.3,209488.0,824,10.383
2020-12-10,10.18,10.25,10.16,10.25,267200.0,716,10.21
2020-12-11,10.35,11.04,10.13,10.35,252748.0,420,10.343
2020-12-14,10.49,11.04,10.14,10.3,61006.0,460,10.441
2020-12-15,10.22,10.46,10.0,10.34,100854.0,227,10.249
2020-12-16,10.5,10.57,10.25,10.44,3548.0,28,10.282
2020-12-17,10.28,10.5,10.2,10.3,7540.0,30,10.272
2020-12-18,10.2,10.34,10.15,10.34,27813.0,61,10.215
2020-12-21,10.2,10.33,10.2,10.23,410545.0,93,10.201
2020-12-22,10.25,10.28,10.15,10.24,41494.0,144,10.206
2020-12-23,10.1,10.33,10.1,10.25,66554.0,218,10.292
2020-12-24,10.35,10.5,10.28,10.3,2800.0,14,10.377
2020-12-28,10.41,10.46,10.32,10.32,262167.0,953,10.433
2020-12-29,10.38,10.61,9.97,10.29,70224.0,358,10.302
2020-12-30,10.44,10.69,10.29,10.42,127746.0,74,10.487
2020-12-31,10.68,10.68,10.11,10.11,96333.0,247,10.437
2021-01-04,10.3,10.65,10.22,10.3,56061.0,57,10.363
2021-01-05,10.44,10.6,10.35,10.35,14293.0,65,10.408
2021-01-06,10.45,10.45,10.22,10.38,6075.0,24,10.366
2021-01-07,10.42,10.42,10.37,10.41,500.0,4,10.407
2021-01-08,10.35,10.42,10.3,10.42,3676.0,16,10.352
2021-01-11,10.45,10.45,10.3,10.4,2894.0,20,10.392
2021-01-12,10.48,10.67,10.27,10.31,197619.0,314,10.416
2021-01-13,10.6,10.6,10.27,10.52,418221.0,136,10.457
2021-01-14,10.33,10.6,10.31,10.5,155765.0,156,10.51
2021-01-15,10.45,10.48,10.25,10.35,541844.0,961,10.379
2021-01-19,10.49,10.49,10.33,10.4,331182.0,549,10.368
2021-01-20,10.33,10.49,10.33,10.43,53482.0,178,10.468
2021-01-21,10.49,10.59,10.34,10.42,16342.0,74,10.462
2021-01-22,10.51,10.68,10.46,10.5,74654.0,267,10.525
2021-01-25,10.59,10.72,10.43,10.46,91041.0,419,10.481
2021-01-26,10.47,10.57,10.35,10.45,273571.0,573,10.415
2021-01-27,10.3,10.38,10.2,10.3,315554.0,1070,10.255
2021-01-28,10.4,10.42,10.3,10.39,315338.0,235,10.357
2021-01-29,10.35,10.39,10.3,10.38,54972.0,150,10.314
2021-02-01,10.38,10.44,10.32,10.35,47694.0,109,10.373
2021-02-02,10.37,10.5,10.36,10.5,48913.0,191,10.454
2021-02-03,10.51,10.63,10.46,10.62,67139.0,452,10.553
2021-02-04,10.59,10.75,10.45,10.51,59117.0,385,10.529
2021-02-05,10.47,10.54,10.46,10.52,46049.0,274,10.489
2021-02-08,10.51,10.53,10.45,10.45,63138.0,316,10.481
2021-02-09,10.5,10.5,10.37,10.39,47699.0,146,10.421
2021-02-10,10.45,10.45,10.35,10.43,78811.0,391,10.424
2021-02-11,10.45,11.21,10.4,10.52,362960.0,1051,10.595
2021-02-12,10.5,10.56,10.41,10.46,279537.0,684,10.52
2021-02-16,10.49,10.55,10.41,10.48,103807.0,489,10.487
2021-02-17,10.6,10.8,10.5,10.76,184197.0,780,10.7
2021-02-18,10.75,10.99,10.63,10.98,278913.0,1329,10.821
2021-02-19,10.75,10.98,10.73,10.8,158300.0,613,10.805
2021-02-22,10.75,10.79,10.6,10.7,208898.0,809,10.726
2021-02-23,10.56,10.56,10.05,10.45,146086.0,757,10.403
2021-02-24,10.45,10.66,10.33,10.44,90264.0,314,10.445
2021-02-25,10.51,10.58,10.2,10.32,102232.0,430,10.349
2021-02-26,10.41,10.52,10.22,10.25,90508.0,340,10.288
2021-03-01,13.38,15.15,12.71,13.95,29768129.0,109345,13.786
2021-03-02,14.5,15.15,13.01,13.14,9166725.0,34514,14.11
2021-03-03,13.8,14.1,12.5,12.59,4328135.0,14153,13.302
2021-03-04,12.5,12.63,11.06,11.33,6206117.0,19018,11.631
2021-03-05,12.2,12.55,11.3,12.5,3256302.0,10967,11.935
2021-03-08,13.03,13.2,11.91,12.0,2090175.0,7148,12.597
2021-03-09,12.5,12.7,12.06,12.29,1493187.0,4855,12.369
2021-03-10,12.55,12.96,11.8,12.41,1808702.0,5968,12.225
2021-03-11,12.81,12.81,12.12,12.41,1744321.0,4872,12.465
2021-03-12,12.3,12.45,12.04,12.22,1064311.0,3823,12.223
2021-03-15,12.44,12.58,12.08,12.31,936050.0,3338,12.336
2021-03-16,12.35,12.4,11.55,11.87,1348468.0,3824,11.999
2021-03-17,11.7,12.18,11.5,11.99,1070386.0,3317,11.933
2021-03-18,11.85,12.04,11.31,11.47,1256555.0,3972,11.64
2021-03-19,11.51,12.06,11.29,11.6,723001.0,2404,11.641
2021-03-22,12.25,13.17,12.01,12.51,2124261.0,8254,12.601
2021-03-23,12.77,12.95,11.91,12.08,1656164.0,5200,12.358
2021-03-24,12.35,12.39,11.3,11.35,1715298.0,6158,11.698
2021-03-25,11.13,11.89,10.8,11.89,2758613.0,9707,11.126
2021-03-26,12.18,12.19,11.36,11.68,1069201.0,3468,11.741
2021-03-29,12.1,12.6,11.71,11.85,1377517.0,4356,11.981
2021-03-30,11.71,11.79,11.35,11.4,828477.0,2654,11.544
2021-03-31,11.47,11.87,11.44,11.84,665323.0,2702,11.636
2021-04-01,11.95,12.0,11.23,11.48,1005259.0,4048,11.504
2021-04-05,11.79,11.79,10.92,11.03,1287174.0,3840,11.131
2021-04-06,11.09,11.09,10.89,10.99,631665.0,2358,11.003
2021-04-07,11.0,11.32,10.6,10.78,1107955.0,3885,10.952
2021-04-08,10.79,11.13,10.68,11.11,923619.0,2751,10.903
2021-04-09,11.15,11.25,10.9,11.1,704820.0,2333,11.036
2021-04-12,11.0,11.16,10.7,10.84,594910.0,1906,10.864
2021-04-13,10.79,10.87,10.6,10.81,627884.0,1737,10.735
2021-04-14,11.21,11.21,10.64,10.74,658243.0,1664,10.893
2021-04-15,10.86,10.86,10.5,10.53,892897.0,2804,10.553
2021-04-16,10.55,11.11,10.26,10.9,964232.0,2871,10.599
2021-04-19,11.06,11.06,10.4,10.74,816662.0,2374,10.603
2021-04-20,10.49,10.79,10.27,10.55,806192.0,2406,10.438
2021-04-21,10.5,10.79,10.37,10.55,303612.0,1107,10.566
2021-04-22,10.65,10.69,10.45,10.56,549104.0,2457,10.548
2021-04-23,10.69,10.85,10.49,10.75,633640.0,1990,10.665
2021-04-26,10.67,10.8,10.65,10.7,485524.0,1651,10.706
2021-04-27,10.75,10.82,10.61,10.68,275399.0,796,10.69
2021-04-28,10.7,10.71,10.5,10.52,501817.0,1697,10.606
2021-04-29,10.68,10.7,10.47,10.49,457151.0,1064,10.525
2021-04-30,10.51,10.54,10.43,10.46,192156.0,815,10.487
2021-05-03,10.56,10.64,10.39,10.47,318968.0,1364,10.471
2021-05-04,10.51,10.51,10.2,10.35,828326.0,2518,10.311
2021-05-05,10.46,10.47,10.18,10.27,646186.0,1988,10.258
2021-05-06,10.25,10.27,10.08,10.14,954439.0,2904,10.144
2021-05-07,10.1,10.13,9.95,9.99,1962098.0,4432,10.031
2021-05-10,10.05,10.06,9.86,9.9,1555842.0,4520,9.919
2021-05-11,9.83,9.97,9.77,9.9,1117138.0,1857,9.885
2021-05-12,9.92,10.05,9.86,9.92,842780.0,1282,9.905
2021-05-13,10.0,10.0,9.82,9.91,760089.0,2178,9.899
2021-05-14,9.97,10.0,9.9,9.94,440600.0,1108,9.951
2021-05-17,9.79,10.02,9.79,10.0,744233.0,2509,9.934
2021-05-18,10.02,10.08,9.98,10.01,668271.0,2131,10.018
2021-05-19,9.91,10.0,9.9,9.99,451540.0,1231,9.934
2021-05-20,10.03,10.03,9.91,9.96,626415.0,1883,9.952
2021-05-21,9.95,10.03,9.95,10.0,316325.0,1086,9.986
2021-05-24,9.98,10.0,9.92,9.94,373859.0,1426,9.944
2021-05-25,9.94,9.99,9.89,9.9,972686.0,2723,9.909
2021-05-26,9.91,9.97,9.89,9.9,1442652.0,3668,9.905
2021-05-27,9.91,9.91,9.89,9.91,555571.0,1731,9.899
2021-05-28,9.92,10.08,9.91,9.98,618903.0,1809,9.991
2021-06-01,10.1,10.2,10.01,10.04,589215.0,1957,10.099
2021-06-02,10.11,10.13,9.98,10.07,432009.0,1691,10.024
2021-06-03,10.04,10.17,9.98,10.09,372728.0,1440,10.094
2021-06-04,10.15,10.27,10.05,10.15,421424.0,1332,10.167
2021-06-07,10.25,10.29,10.06,10.07,529731.0,1728,10.104
2021-06-08,10.21,10.6,10.13,10.47,1195311.0,4464,10.331
2021-06-09,10.86,10.9,10.5,10.63,638924.0,2249,10.66
2021-06-10,10.66,10.72,10.45,10.52,473230.0,1703,10.556
2021-06-11,10.55,10.6,10.45,10.47,382372.0,1258,10.507
2021-06-14,10.55,10.6,10.17,10.22,422724.0,1306,10.372
2021-06-15,10.44,10.53,10.12,10.35,597118.0,1805,10.265
2021-06-16,10.35,10.53,10.21,10.27,648635.0,1892,10.387
2021-06-17,10.28,10.42,10.23,10.34,451292.0,1554,10.319
2021-06-18,10.36,10.42,10.24,10.4,321471.0,1077,10.318
2021-06-21,10.45,10.55,10.39,10.41,345377.0,1217,10.457
2021-06-22,10.48,10.5,10.3,10.35,325243.0,892,10.376
2021-06-23,10.35,10.39,10.29,10.31,276659.0,1052,10.326
2021-06-24,10.32,10.34,10.26,10.29,328439.0,806,10.303
2021-06-25,10.38,10.65,10.27,10.51,929980.0,3074,10.435
2021-06-28,10.72,10.98,10.62,10.95,851572.0,2379,10.828
2021-06-29,11.01,11.09,10.81,10.9,671979.0,2373,10.928
2021-06-30,11.08,11.45,10.85,10.89,1436186.0,5016,11.123
2021-07-01,11.0,11.13,10.6,10.96,672780.0,1977,10.919
2021-07-02,11.1,12.28,11.03,11.39,3610824.0,9946,11.609
2021-07-06,11.69,11.87,10.89,10.92,1402429.0,5315,11.386
2021-07-07,11.04,11.23,10.71,11.1,763928.0,2409,10.94
2021-07-08,10.78,11.15,10.59,11.13,1367723.0,3797,10.825
2021-07-09,11.12,11.49,11.12,11.45,941365.0,2712,11.348
2021-07-12,11.67,11.69,11.33,11.6,975603.0,2825,11.46
2021-07-13,11.53,11.57,10.97,10.97,893075.0,2599,11.155
2021-07-14,11.1,11.1,10.48,10.62,1320019.0,3855,10.729
2021-07-15,10.54,10.79,10.3,10.4,811139.0,2970,10.477
2021-07-16,10.47,10.89,10.3,10.8,674078.0,2498,10.66
2021-07-19,10.36,10.78,10.27,10.71,505772.0,1415,10.488
2021-07-20,10.71,10.75,10.42,10.6,275529.0,838,10.612
2021-07-21,10.68,10.75,10.5,10.75,221575.0,901,10.646
2021-07-22,11.0,11.05,10.76,10.96,501096.0,1756,10.932
2021-07-23,10.99,11.05,10.62,10.77,477002.0,1043,10.889
2021-07-26,10.82,10.85,10.52,10.56,426211.0,1251,10.62
2021-07-27,10.53,10.57,10.35,10.46,412898.0,1367,10.454
2021-07-28,10.5,10.68,10.17,10.28,588958.0,2055,10.34
2021-07-29,10.41,10.53,10.12,10.31,867030.0,3449,10.294
2021-07-30,10.37,10.37,10.12,10.17,896570.0,4149,10.163
2021-08-02,10.23,10.25,10.0,10.02,770762.0,2792,10.073
2021-08-03,10.06,10.06,9.96,10.0,716562.0,2009,9.992
2021-08-04,10.0,10.13,10.0,10.11,386477.0,1342,10.055
2021-08-05,10.12,10.3,10.1,10.22,535682.0,1743,10.217
2021-08-06,10.3,10.47,10.06,10.12,518709.0,1866,10.202
2021-08-09,10.22,10.42,10.15,10.36,435016.0,1332,10.27
2021-08-10,10.42,10.81,10.35,10.57,706668.0,2457,10.607
2021-08-11,10.76,11.25,10.6,11.18,795288.0,2703,10.918
2021-08-12,11.2,11.28,10.5,10.54,941484.0,3283,10.763
2021-08-13,10.65,10.79,10.35,10.62,622183.0,2462,10.538
2021-08-16,10.69,10.69,10.15,10.21,694151.0,2849,10.342
2021-08-17,10.1,10.18,9.9,10.03,1089982.0,3362,9.99
2021-08-18,10.0,10.33,9.96,10.1,431471.0,1287,10.082
2021-08-19,10.08,10.1,9.91,10.01,539959.0,1803,9.99
2021-08-20,10.0,10.65,9.9,10.47,1239123.0,3650,10.266
2021-08-23,10.95,11.07,10.65,11.07,966590.0,2758,10.917
2021-08-24,11.31,11.9,11.11,11.57,1094288.0,3546,11.538
2021-08-25,11.58,11.6,9.98,10.43,5119773.0,18607,10.362
2021-08-26,11.0,11.04,9.96,9.96,2853144.0,9142,10.221
2021-08-27,10.31,10.5,9.5,10.35,2522432.0,7225,10.018
2021-08-30,10.5,10.51,9.8,10.03,1956301.0,6178,9.999
2021-08-31,10.02,10.2,9.66,10.03,1920700.0,7298,9.949
2021-09-01,10.18,10.3,9.98,10.14,1771502.0,6640,10.145
2021-09-02,10.2,12.27,10.0,11.63,3821205.0,11676,11.036
2021-09-03,11.75,14.34,11.01,13.52,9153339.0,28813,13.041
2021-09-07,14.9,16.46,14.07,14.5,14462989.0,47239,15.372
2021-09-08,14.74,15.7,14.51,15.09,5663521.0,27269,15.193
2021-09-09,16.27,21.34,16.23,20.72,39446481.0,131395,19.302
2021-09-10,20.28,20.87,17.81,18.69,11832590.0,41545,18.7
2021-09-13,18.38,18.41,15.03,15.4,7754363.0,25577,16.037
2021-09-14,15.89,16.97,15.13,15.78,4810404.0,14104,15.83
2021-09-15,16.04,16.05,14.62,15.39,3321753.0,10515,15.268
2021-09-16,15.58,16.59,14.91,15.89,2952117.0,11788,15.566
2021-09-17,16.15,16.15,15.28,15.41,3050479.0,12782,15.654
2021-09-20,14.78,15.1,14.03,14.81,2752970.0,9569,14.577
2021-09-21,14.86,15.09,14.29,14.47,1999590.0,7667,14.61
2021-09-22,15.0,15.4,14.5,14.54,1829825.0,6935,14.848
2021-09-23,14.54,14.77,14.05,14.15,1832237.0,7258,14.248
2021-09-24,14.18,14.25,13.46,14.05,1696836.0,6086,13.88
2021-09-27,14.3,15.33,14.16,14.32,2789956.0,9022,14.7
2021-09-28,14.25,15.63,14.25,15.56,3355697.0,11920,15.083
2021-09-29,15.97,16.39,14.59,14.66,2755147.0,9505,15.149
2021-09-30,15.36,16.19,15.02,16.13,3020555.0,12869,15.556
2021-10-01,15.9,16.43,14.93,15.98,3901896.0,12896,15.783
2021-10-04,15.97,16.04,14.36,14.79,3471809.0,10657,14.755
2021-10-05,14.83,14.98,14.05,14.59,2300363.0,8684,14.457
2021-10-06,14.4,14.68,13.8,14.0,2512474.0,8488,14.084
2021-10-07,15.25,15.91,14.65,15.46,7949405.0,28457,15.36
2021-10-08,14.0,16.1,13.82,14.71,13750138.0,62638,14.816
2021-10-11,14.66,14.68,14.0,14.05,2853921.0,11615,14.228
2021-10-12,14.11,14.24,13.48,13.5,3495251.0,15167,13.888
2021-10-13,13.53,13.88,12.88,13.25,4101421.0,15473,13.293
2021-10-14,13.4,13.7,13.03,13.57,2409064.0,9510,13.4
2021-10-15,13.65,13.75,12.7,12.8,4610961.0,15551,13.079
2021-10-18,12.8,12.88,12.2,12.4,4686383.0,15595,12.416
2021-10-19,12.68,12.7,12.3,12.36,3964979.0,11722,12.402
2021-10-20,12.42,13.14,12.31,12.72,4386162.0,15568,12.641
2021-10-21,12.73,13.08,12.48,12.66,2969685.0,8586,12.684
2021-10-22,12.64,13.05,12.3,13.0,2019327.0,6332,12.607
2021-10-25,13.0,13.13,12.77,12.99,1512134.0,4638,12.997
2021-10-26,13.05,13.82,12.95,13.22,2526418.0,7786,13.401
2021-10-27,13.19,13.22,12.73,12.84,1131519.0,3705,12.956
2021-10-28,12.97,13.55,12.66,13.37,1868177.0,5845,13.146
2021-10-29,13.29,14.14,13.24,14.05,1698831.0,5403,13.83
2021-11-01,14.43,14.57,13.95,14.26,1662431.0,5497,14.318
2021-11-02,14.45,14.49,14.02,14.25,1218996.0,4337,14.205
2021-11-03,14.16,14.98,14.16,14.91,2336112.0,8113,14.747
2021-11-04,15.2,16.24,14.91,15.74,3766467.0,14489,15.62
2021-11-05,15.94,16.15,15.4,15.51,1566541.0,5044,15.662
2021-11-08,15.79,15.84,14.89,14.94,1385413.0,4645,15.245
2021-11-09,14.87,15.05,14.13,14.84,2208231.0,8434,14.635
2021-11-10,14.68,15.27,14.32,14.59,1982388.0,8626,14.725
2021-11-11,14.2,14.58,13.91,14.23,1372134.0,5296,14.345
2021-11-12,14.29,14.48,14.08,14.37,1677324.0,5843,14.298
2021-11-15,14.48,14.7,14.06,14.29,1923848.0,8272,14.347
2021-11-16,14.69,15.71,14.49,15.48,5325209.0,21735,15.299
2021-11-17,15.7,16.75,15.4,16.28,6074356.0,23649,16.121
2021-11-18,16.2,16.33,14.71,15.48,5524364.0,19710,15.169
2021-11-19,15.28,16.2,15.26,15.5,2431764.0,10070,15.727
2021-11-22,15.57,16.36,15.26,15.91,3902151.0,14815,15.78
2021-11-23,15.81,15.83,14.11,14.55,4113794.0,14452,14.602
2021-11-24,14.25,15.58,14.2,15.51,2608529.0,10443,15.084
2021-11-26,14.82,15.59,14.76,15.45,1584550.0,7017,15.294
2021-11-29,15.51,15.79,15.12,15.46,3026726.0,12852,15.49
2021-11-30,15.83,16.41,14.99,15.86,6617705.0,28495,15.6
2021-12-01,15.91,16.97,15.16,15.19,7184638.0,25255,16.204
2021-12-02,15.15,15.22,14.07,14.81,3988909.0,17987,14.603
2021-12-03,15.0,15.11,12.74,13.0,7224658.0,27239,13.356
2021-12-06,12.95,13.11,12.0,12.28,5063311.0,20222,12.521
2021-12-07,12.62,13.12,12.55,12.9,2639884.0,9583,12.858
2021-12-08,13.12,13.22,12.81,12.94,2544807.0,10832,13.023
2021-12-09,12.99,13.15,12.42,12.53,2487190.0,9126,12.747
2021-12-10,12.5,13.03,12.5,12.76,2263080.0,10778,12.794
2021-12-13,12.71,13.01,11.68,11.76,3769228.0,14625,12.083
2021-12-14,11.59,12.8,11.55,12.57,2655280.0,11376,12.474
2021-12-15,12.55,12.85,12.04,12.63,1936222.0,9072,12.376
2021-12-16,12.79,13.15,12.24,12.39,2363036.0,9461,12.724
2021-12-17,12.24,12.75,11.48,12.18,2774389.0,13316,12.233
2021-12-20,11.91,12.18,11.62,11.89,1745157.0,7331,11.844
2021-12-21,12.02,12.36,11.81,12.19,1177197.0,4991,12.094
2021-12-22,12.16,12.4,12.03,12.36,950914.0,4232,12.261
2021-12-23,12.01,12.33,11.84,12.0,2606161.0,10466,12.021
2021-12-27,12.14,12.23,11.71,11.9,1981576.0,8749,11.888
2021-12-28,11.9,11.95,11.57,11.73,2155470.0,9136,11.714
2021-12-29,11.73,11.8,11.07,11.33,2007749.0,8196,11.348
2021-12-30,11.3,12.1,11.3,12.03,1864643.0,7723,11.897
2021-12-31,12.06,12.47,11.98,12.28,1269258.0,6016,12.239
2022-01-03,12.3,12.33,11.9,12.2,999855.0,4742,12.089
2022-01-04,12.18,12.29,11.5,11.65,1833295.0,8641,11.784
2022-01-05,11.62,11.65,10.63,10.7,2564447.0,11498,11.012
2022-01-06,10.81,10.94,10.11,10.65,2467229.0,9771,10.538
2022-01-07,10.68,11.08,10.56,10.86,1843414.0,7091,10.834
2022-01-10,10.78,10.84,10.06,10.46,1954641.0,9531,10.31
2022-01-11,10.43,11.03,10.3,10.86,1400777.0,6054,10.801
2022-01-12,11.62,11.74,11.2,11.45,2818447.0,11771,11.475
2022-01-13,11.61,11.62,10.6,10.64,2101222.0,8702,10.974
2022-01-14,10.5,10.68,10.05,10.42,2034928.0,8794,10.308
2022-01-18,10.27,10.58,10.06,10.09,2048515.0,10247,10.211
2022-01-19,10.21,10.32,9.69,9.85,2254297.0,10488,9.93
2022-01-20,10.01,10.42,9.7,9.73,1677340.0,7684,10.062
2022-01-21,9.59,9.71,8.95,9.0,2704207.0,10661,9.203
2022-01-24,8.47,8.83,8.0,8.72,4831214.0,20024,8.42
2022-01-25,8.58,8.82,8.23,8.49,2157349.0,10363,8.443
2022-01-26,8.74,9.06,8.35,8.48,2362716.0,11261,8.677
2022-01-27,8.64,8.71,7.94,8.1,5106184.0,20001,8.234
2022-01-28,8.08,8.33,7.55,8.24,4019126.0,14608,8.042
2022-01-31,8.37,9.16,8.36,9.04,2440097.0,10072,8.912
2022-02-01,9.55,9.69,9.08,9.49,2329194.0,10594,9.404
2022-02-02,9.6,9.6,9.16,9.42,1496727.0,7058,9.378
2022-02-03,9.14,9.3,8.95,9.03,1267345.0,6519,9.084
2022-02-04,8.98,9.58,8.85,9.49,1190028.0,5740,9.296
2022-02-07,9.53,9.87,9.47,9.57,1274995.0,6230,9.64
2022-02-08,9.52,10.06,9.38,10.01,1499712.0,7225,9.857
2022-02-09,10.15,10.68,10.06,10.64,2090471.0,10681,10.499
2022-02-10,10.21,11.11,10.2,10.28,2323057.0,12509,10.684
2022-02-11,10.46,10.54,9.46,9.63,2034996.0,10382,9.868
2022-02-14,9.59,9.85,9.27,9.48,1397922.0,6897,9.562
2022-02-15,9.68,10.23,9.64,10.16,1401937.0,7003,10.067
2022-02-16,10.1,10.11,9.76,9.94,1622559.0,8694,9.939
2022-02-17,9.77,9.97,9.02,9.06,1987583.0,10024,9.31
2022-02-18,9.08,9.29,8.72,8.94,2030803.0,10476,8.951
2022-02-22,8.74,9.05,8.59,8.73,2329264.0,14886,8.766
2022-02-23,9.07,9.36,8.56,8.63,2543972.0,13136,8.825
2022-02-24,8.32,9.91,8.2,9.89,3309658.0,16330,9.239
2022-02-25,9.83,9.94,9.26,9.45,3061243.0,16451,9.494
2022-02-28,9.53,9.64,9.06,9.54,4579301.0,22838,9.38
2022-03-01,9.65,9.76,8.93,9.1,4836314.0,26974,9.229
2022-03-02,9.0,9.31,8.85,9.05,3426141.0,18065,9.09
2022-03-03,8.94,8.98,8.25,8.48,7216338.0,34775,8.514
2022-03-04,8.5,8.59,8.24,8.4,2794352.0,15607,8.395
2022-03-07,8.52,8.83,8.3,8.37,6569478.0,41348,8.613
2022-03-08,8.41,8.81,8.3,8.51,5828063.0,32390,8.552
2022-03-09,8.68,9.05,8.51,8.83,5568959.0,28297,8.818
2022-03-10,8.6,8.97,8.51,8.74,3588490.0,21723,8.752
2022-03-11,8.9,8.99,8.37,8.39,3967490.0,22094,8.605
2022-03-14,8.37,8.68,8.26,8.53,6752240.0,30913,8.493
2022-03-15,8.55,8.73,7.72,7.92,7430212.0,35093,8.124
2022-03-16,7.92,8.68,7.82,8.6,6648465.0,32514,8.41
2022-03-17,8.53,8.81,8.47,8.65,9900781.0,36298,8.662
2022-03-18,8.73,9.49,8.57,9.07,7219852.0,35563,9.141
2022-03-21,9.01,9.22,8.77,8.83,3206978.0,17173,8.923
2022-03-22,8.77,9.39,8.77,9.0,2374946.0,12645,9.16
2022-03-23,8.96,9.09,8.72,8.76,3123139.0,13282,8.836
2022-03-24,8.76,8.9,8.51,8.64,2033610.0,9793,8.7
2022-03-25,8.6,8.6,7.83,7.96,5514187.0,22743,8.034
2022-03-28,8.08,8.09,7.51,7.64,4773598.0,21586,7.711
2022-03-29,7.73,8.39,7.67,8.29,3209863.0,13862,8.222
2022-03-30,8.24,8.48,7.96,8.1,2445726.0,11623,8.202
2022-03-31,8.12,8.35,7.99,8.05,2304662.0,9288,8.148
2022-04-01,8.05,8.11,7.76,7.92,2083577.0,9282,7.879
2022-04-04,8.02,8.4,7.95,8.3,3262306.0,13750,8.249
2022-04-05,8.3,8.35,8.08,8.2,2819647.0,11978,8.179
2022-04-06,8.14,8.27,7.98,8.06,3647228.0,14983,8.067
2022-04-07,8.02,8.09,7.74,7.93,3848317.0,16449,7.888
2022-04-08,7.87,8.01,7.67,7.8,2488393.0,12079,7.849
2022-04-11,7.79,7.95,7.65,7.83,1981778.0,9782,7.807
2022-04-12,7.96,8.34,7.96,8.2,2769780.0,12760,8.217
2022-04-13,8.22,8.42,8.04,8.38,2260617.0,11739,8.311
2022-04-14,8.35,8.48,8.25,8.42,1696033.0,8085,8.373
2022-04-18,8.38,8.38,7.93,7.98,1748922.0,8587,8.056
2022-04-19,8.02,8.47,7.95,8.44,2357977.0,9731,8.291
2022-04-20,8.47,8.54,8.2,8.46,2809515.0,9903,8.422
2022-04-21,8.58,8.74,7.82,7.87,3631521.0,12799,8.102
2022-04-22,7.95,8.09,7.57,7.71,2615084.0,9910,7.766
2022-04-25,7.62,7.89,7.47,7.83,2848130.0,12491,7.703
2022-04-26,7.76,7.79,7.23,7.24,2301415.0,10410,7.399
2022-04-27,7.27,7.45,7.15,7.32,2055850.0,10955,7.302
2022-04-28,7.41,7.53,6.98,7.51,2857869.0,14855,7.228
2022-04-29,7.48,7.82,7.34,7.38,1749297.0,8793,7.537
2022-05-02,7.39,7.49,7.08,7.46,2081130.0,10968,7.294
2022-05-03,7.57,7.6,7.02,7.11,3160993.0,13116,7.154
2022-05-04,7.12,7.13,6.58,7.06,3829221.0,16890,6.793
2022-05-05,6.98,7.1,6.61,6.78,2236151.0,10747,6.768
2022-05-06,6.72,6.72,6.26,6.52,2654263.0,13114,6.531
2022-05-09,6.25,6.4,5.61,5.67,4349281.0,18055,5.883
2022-05-10,5.84,5.96,5.38,5.51,3472556.0,17509,5.595
2022-05-11,5.49,5.64,5.1,5.17,4164187.0,19984,5.316
2022-05-12,5.02,5.39,4.93,5.19,4947346.0,21183,5.147
2022-05-13,5.35,5.99,5.31,5.86,5710699.0,21449,5.771
2022-05-16,5.88,5.9,5.39,5.41,4622799.0,21640,5.598
2022-05-17,5.51,5.79,5.33,5.66,3517820.0,16335,5.637
2022-05-18,5.32,5.34,4.63,4.7,11587368.0,43261,4.897
2022-05-19,4.68,4.88,4.54,4.75,5669640.0,24391,4.754
2022-05-20,4.85,4.9,4.5,4.73,4605961.0,19309,4.635
2022-05-23,4.75,4.79,4.5,4.58,5355189.0,20767,4.603
2022-05-24,4.52,4.56,4.33,4.37,3673719.0,14154,4.406
2022-05-25,4.37,4.64,4.27,4.58,4612840.0,18313,4.511
2022-05-26,4.62,4.83,4.59,4.66,3024679.0,13201,4.734
2022-05-27,4.74,5.16,4.73,5.0,4475086.0,17290,5.009
2022-05-31,5.09,5.15,4.69,4.76,4937457.0,22096,4.862
2022-06-01,4.74,4.83,4.59,4.71,3750042.0,16004,4.688
2022-06-02,4.75,5.14,4.75,4.92,5306391.0,25940,4.977
2022-06-03,4.86,4.96,4.76,4.9,4497718.0,17528,4.849
2022-06-06,5.11,5.14,4.85,4.98,4626020.0,19132,5.011
2022-06-07,4.86,4.94,4.65,4.84,4336150.0,16946,4.786
2022-06-08,4.81,4.9,4.66,4.85,4040781.0,13358,4.77
2022-06-09,4.83,4.83,4.43,4.44,4965232.0,16608,4.576
2022-06-10,4.33,4.43,4.19,4.22,4811745.0,14102,4.272
2022-06-13,4.05,4.17,3.93,4.09,5303623.0,18252,4.07
2022-06-14,4.13,4.16,3.93,4.0,3702565.0,15058,4.004
2022-06-15,4.1,4.39,4.02,4.33,3829189.0,15649,4.24
2022-06-16,4.23,4.26,4.07,4.14,4195101.0,16967,4.153
2022-06-17,4.21,4.32,4.09,4.18,4207528.0,18613,4.198
2022-06-21,4.39,4.42,4.14,4.15,4015916.0,16355,4.259
2022-06-22,4.12,4.29,4.07,4.09,3074746.0,14328,4.165
2022-06-23,4.14,4.21,3.98,4.07,4036709.0,16068,4.042
2022-06-24,4.14,4.29,4.08,4.1,6159306.0,24982,4.177
2022-06-27,4.17,4.31,4.03,4.09,3620528.0,13490,4.122
2022-06-28,4.19,4.22,3.96,3.96,3642668.0,13238,4.05
2022-06-29,3.96,4.0,3.66,3.72,4796389.0,17223,3.743
2022-06-30,3.7,3.84,3.53,3.79,4292312.0,16156,3.714
2022-07-01,3.79,3.9,3.7,3.8,2471261.0,10090,3.779
2022-07-05,3.82,3.97,3.58,3.97,3778154.0,12604,3.811
2022-07-06,3.96,3.99,3.8,3.95,2698657.0,11039,3.907
2022-07-07,3.99,4.18,3.94,4.16,2713030.0,10338,4.112
2022-07-08,4.13,4.3,4.05,4.25,2764486.0,10862,4.212
2022-07-11,4.21,4.24,3.95,3.97,2010855.0,7298,4.036
2022-07-12,3.97,4.06,3.93,3.99,1653541.0,6880,3.997
2022-07-13,3.91,4.07,3.85,4.01,1551712.0,6548,3.985
2022-07-14,3.99,4.05,3.86,3.91,1843736.0,7372,3.914
2022-07-15,4.0,4.0,3.76,3.95,1830093.0,7068,3.881
2022-07-18,4.01,4.21,3.96,4.06,1909718.0,6541,4.11
2022-07-19,4.11,4.17,4.01,4.09,2473112.0,8323,4.083
2022-07-20,4.1,4.42,4.09,4.37,2666268.0,8660,4.316
2022-07-21,4.37,4.51,4.21,4.36,1644183.0,5299,4.312
2022-07-22,4.4,4.44,4.03,4.05,1548473.0,5200,4.159
2022-07-25,4.07,4.14,3.97,4.13,1454623.0,5665,4.077
2022-07-26,4.09,4.13,4.0,4.1,2017602.0,6695,4.087
2022-07-27,4.17,4.29,4.11,4.28,1666582.0,5163,4.216
2022-07-28,4.36,4.55,4.21,4.55,2568165.0,7089,4.426
2022-07-29,4.56,4.68,4.4,4.67,2274384.0,7734,4.588
2022-08-01,4.66,4.78,4.49,4.73,2402263.0,8184,4.689
2022-08-02,4.69,4.85,4.67,4.72,2166602.0,8458,4.776
2022-08-03,4.77,5.17,4.74,5.15,3325817.0,11085,5.063
2022-08-04,5.23,5.6,5.08,5.45,4599418.0,16615,5.338
2022-08-05,5.32,5.43,5.14,5.34,2511926.0,8749,5.285
2022-08-08,5.5,5.75,5.38,5.45,2912390.0,11052,5.529
2022-08-09,5.43,5.54,5.22,5.44,3170316.0,12270,5.366
2022-08-10,5.76,5.93,5.6,5.79,4686463.0,14077,5.77
2022-08-11,6.18,6.23,5.84,5.86,5026128.0,17848,6.012
2022-08-12,6.0,7.15,5.61,7.1,7507114.0,24796,6.743
2022-08-15,7.18,7.29,6.58,6.61,6104017.0,20004,6.783
2022-08-16,6.58,6.76,6.29,6.61,4980334.0,15352,6.574
2022-08-17,6.47,6.47,5.94,6.02,4525439.0,13207,6.083
2022-08-18,6.11,6.12,5.71,6.0,4652523.0,13299,5.896
2022-08-19,5.75,5.81,5.58,5.74,2772542.0,9066,5.702
2022-08-22,5.51,5.69,5.39,5.49,4165357.0,13451,5.495
2022-08-23,5.51,5.54,5.31,5.35,4431983.0,12745,5.41
2022-08-24,5.27,5.37,5.14,5.35,5242805.0,20654,5.268
2022-08-25,5.37,5.57,5.32,5.51,3099341.0,11084,5.472
2022-08-26,5.53,5.54,5.2,5.3,2198222.0,7849,5.286
2022-08-29,5.18,5.23,5.04,5.13,2597884.0,8825,5.151
2022-08-30,5.21,5.21,4.95,5.13,3013987.0,10759,5.049
2022-08-31,5.43,5.91,5.38,5.5,5550777.0,17784,5.574
2022-09-01,5.5,5.58,5.12,5.27,3797961.0,14527,5.288
2022-09-02,5.43,5.46,5.16,5.32,3628200.0,13142,5.321
2022-09-06,5.39,5.4,5.23,5.26,2259847.0,9542,5.284
2022-09-07,5.26,5.68,5.22,5.59,3784277.0,12455,5.523
2022-09-08,5.49,5.58,5.34,5.56,2512817.0,7828,5.471
2022-09-09,5.61,5.79,5.56,5.59,2984221.0,10526,5.661
2022-09-12,5.66,5.72,5.57,5.72,2468243.0,10267,5.674
2022-09-13,5.49,5.69,5.38,5.64,3213303.0,11874,5.559
2022-09-14,5.68,5.71,5.38,5.71,2077306.0,8778,5.592
2022-09-15,5.66,5.93,5.04,5.1,11062900.0,29368,5.284
2022-09-16,5.01,5.12,4.9,5.05,3598698.0,14336,5.044
2022-09-19,4.97,5.13,4.9,5.08,2939217.0,12877,5.041
2022-09-20,5.07,5.13,4.99,5.05,1891426.0,9579,5.045
2022-09-21,5.13,5.18,4.9,4.92,3582420.0,12317,5.034
2022-09-22,4.92,4.95,4.3,4.31,9611452.0,22917,4.48
2022-09-23,4.2,4.21,3.97,4.12,5319103.0,17643,4.062
2022-09-26,4.09,4.33,4.08,4.23,4325944.0,14596,4.225
2022-09-27,4.39,4.4,4.16,4.19,4137803.0,13564,4.257
2022-09-28,4.23,4.43,4.15,4.38,2815735.0,10491,4.307
2022-09-29,4.29,4.32,4.09,4.16,3251289.0,9955,4.167
2022-09-30,4.16,4.27,4.07,4.07,2334356.0,8693,4.148
2022-10-03,4.14,4.37,4.01,4.31,3350663.0,11117,4.24
2022-10-04,4.44,4.63,4.44,4.62,2645789.0,9208,4.536
2022-10-05,4.53,4.66,4.49,4.61,2375913.0,8507,4.581
2022-10-06,4.57,4.78,4.57,4.62,1915819.0,6164,4.633
2022-10-07,4.51,4.56,4.33,4.36,2095394.0,7147,4.414
2022-10-10,4.36,4.4,4.17,4.3,1855740.0,6391,4.246
2022-10-11,4.3,4.33,4.16,4.19,2616461.0,10069,4.236
2022-10-12,4.14,4.15,3.77,4.0,5127980.0,14382,3.932
2022-10-13,3.82,4.18,3.81,4.11,2368581.0,7727,4.038
2022-10-14,4.2,4.23,3.92,3.95,2338235.0,7279,4.014
2022-10-17,4.01,4.29,4.01,4.22,1964890.0,7558,4.21
2022-10-18,4.43,4.49,4.25,4.35,3028023.0,9852,4.354
2022-10-19,4.26,4.36,4.16,4.19,1797794.0,6013,4.223
2022-10-20,4.19,4.38,4.18,4.21,1855484.0,6277,4.263
2022-10-21,4.21,4.27,4.06,4.24,1466836.0,4743,4.181
2022-10-24,4.3,4.3,4.08,4.25,1649968.0,5594,4.203
2022-10-25,4.28,4.74,4.25,4.63,2731204.0,9588,4.617
2022-10-26,4.58,4.97,4.52,4.69,2707688.0,9845,4.796
2022-10-27,4.72,4.86,4.72,4.79,1809016.0,7608,4.788
2022-10-28,4.79,5.23,4.74,5.13,2682322.0,9752,5.058
2022-10-31,5.12,5.18,4.84,5.09,1855105.0,7194,5.05
2022-11-01,5.25,5.37,5.13,5.2,1689118.0,7324,5.209
2022-11-02,5.29,5.29,4.88,4.89,2205572.0,8954,5.073
2022-11-03,4.83,5.28,4.81,4.94,2777461.0,10552,5.076
2022-11-04,5.16,5.21,4.95,5.18,2260529.0,7651,5.068
2022-11-07,5.25,5.26,4.98,5.09,2099279.0,8253,5.096
2022-11-08,5.13,5.22,4.99,5.11,1561240.0,6738,5.107
2022-11-09,5.07,5.08,4.73,4.74,3457278.0,13129,4.892
2022-11-10,5.16,5.71,5.16,5.31,4449380.0,17171,5.475
2022-11-11,5.31,5.76,5.22,5.63,3452726.0,13061,5.616
2022-11-14,5.57,5.58,5.15,5.16,2837823.0,11924,5.314
2022-11-15,5.36,5.43,5.11,5.22,2820177.0,9786,5.257
2022-11-16,5.05,5.08,4.65,4.69,4760972.0,18169,4.771
2022-11-17,4.65,4.66,4.35,4.52,3137853.0,11195,4.493
2022-11-18,4.66,4.71,4.42,4.6,1774189.0,8285,4.552
2022-11-21,4.61,4.65,4.29,4.32,3217675.0,10674,4.371
2022-11-22,4.32,4.41,4.2,4.36,2378456.0,9161,4.325
2022-11-23,4.36,4.45,4.32,4.4,2371800.0,8755,4.381
2022-11-25,4.5,4.56,4.14,4.18,2869120.0,9686,4.22
2022-11-28,4.17,4.29,4.0,4.01,3310874.0,12727,4.087
2022-11-29,4.04,4.11,3.94,3.96,3511312.0,11903,4.001
2022-11-30,3.98,4.2,3.88,4.19,4298380.0,14255,4.038
2022-12-01,4.28,4.28,4.07,4.22,2718092.0,12821,4.199
2022-12-02,4.15,4.3,4.07,4.25,1886581.0,7666,4.209
2022-12-05,4.26,4.34,4.1,4.15,2459794.0,8814,4.208
2022-12-06,4.17,4.19,3.93,4.0,2940115.0,12172,3.996
2022-12-07,4.0,4.04,3.87,3.94,2708043.0,10643,3.935
2022-12-08,3.95,4.22,3.92,3.98,2290878.0,7936,4.027
2022-12-09,4.0,4.14,3.94,4.0,1460140.0,5358,4.048
2022-12-12,4.03,4.21,4.0,4.15,1897293.0,7800,4.133
2022-12-13,4.35,4.5,4.07,4.17,3378005.0,13108,4.215
2022-12-14,4.15,4.23,4.06,4.12,2679298.0,10144,4.146
2022-12-15,4.05,4.12,4.0,4.03,1937503.0,7434,4.037
2022-12-16,4.04,4.13,3.95,4.07,2987596.0,10443,4.029
2022-12-19,4.08,4.08,3.79,3.9,3244721.0,9003,3.884
2022-12-20,3.85,3.97,3.67,3.72,5082107.0,13311,3.771
2022-12-21,3.78,3.89,3.66,3.74,3386133.0,10231,3.776
2022-12-22,3.74,3.74,3.61,3.73,2260396.0,7107,3.677
2022-12-23,3.74,3.78,3.64,3.77,1602708.0,5092,3.718
2022-12-27,3.76,3.77,3.55,3.56,2710080.0,6755,3.635
2022-12-28,3.55,3.69,3.48,3.58,2878364.0,8282,3.557
2022-12-29,3.61,3.8,3.53,3.69,3500316.0,9643,3.695
2022-12-30,3.62,3.81,3.59,3.77,2368918.0,6050,3.714
2023-01-03,3.85,4.05,3.77,3.87,3398230.0,9167,3.866
2023-01-04,3.9,4.05,3.86,4.04,1870337.0,7093,3.979
2023-01-05,3.97,4.26,3.9,4.17,2305838.0,9123,4.143
2023-01-06,4.2,4.25,4.05,4.23,2750820.0,7798,4.162
2023-01-09,4.25,4.36,4.2,4.22,1928143.0,7379,4.291
2023-01-10,4.19,4.38,4.09,4.38,1560844.0,6081,4.273
2023-01-11,4.4,4.53,4.33,4.51,2127276.0,8109,4.453
2023-01-12,4.52,4.83,4.48,4.83,2686862.0,8832,4.663
2023-01-13,4.75,5.11,4.72,4.97,6046214.0,16971,4.987
2023-01-17,5.05,5.52,4.98,5.48,4488187.0,15058,5.315
2023-01-18,5.55,5.68,5.08,5.17,5358645.0,18016,5.319
2023-01-19,5.04,5.12,4.69,4.79,4386346.0,12486,4.832
2023-01-20,4.92,4.95,4.68,4.78,4242785.0,11984,4.813
2023-01-23,4.82,4.84,4.61,4.82,3783230.0,12793,4.729
2023-01-24,4.81,5.03,4.73,4.97,3159739.0,10258,4.934
2023-01-25,4.97,5.0,4.72,4.91,3947312.0,12266,4.879
2023-01-26,5.0,5.05,4.78,4.88,2560603.0,7760,4.874
2023-01-27,4.86,5.04,4.81,4.94,3285512.0,11489,4.976
2023-01-30,4.87,4.97,4.78,4.88,1836424.0,6824,4.873
2023-01-31,4.89,4.99,4.83,4.97,1534395.0,5406,4.919
2023-02-01,4.9,5.17,4.89,4.98,5473000.0,15904,5.019
2023-02-02,5.08,5.3,5.01,5.24,6451763.0,21411,5.157
2023-02-03,5.12,5.47,5.06,5.31,5504100.0,16403,5.359
2023-02-06,5.22,5.28,4.9,4.92,4119742.0,13941,5.027
2023-02-07,4.92,4.95,4.7,4.9,4134914.0,11889,4.818
2023-02-08,4.82,4.92,4.75,4.79,1791483.0,7257,4.813
2023-02-09,4.85,4.98,4.53,4.55,3115957.0,9723,4.701
2023-02-10,4.53,4.79,4.48,4.77,3677642.0,13874,4.701
2023-02-13,4.81,4.84,4.63,4.71,1720499.0,5958,4.722
2023-02-14,4.7,4.99,4.6,4.96,3032054.0,9386,4.827
2023-02-15,4.92,5.23,4.9,5.16,3116962.0,10215,5.125
2023-02-16,5.01,5.16,4.96,4.97,2285789.0,8689,5.064
2023-02-17,4.94,4.95,4.74,4.91,2512557.0,8128,4.841
2023-02-21,4.82,4.89,4.53,4.58,2676294.0,7876,4.655
2023-02-22,4.6,4.73,4.54,4.62,2853045.0,10699,4.618
2023-02-23,4.69,4.77,4.52,4.55,2414747.0,7821,4.579
2023-02-24,4.5,4.5,4.38,4.45,2123178.0,6564,4.419
2023-02-27,4.53,4.67,4.47,4.59,2839396.0,12124,4.585
2023-02-28,4.55,4.64,4.48,4.5,3871058.0,14768,4.55
2023-03-01,4.49,4.52,4.17,4.4,5241724.0,17258,4.377
2023-03-02,4.35,4.36,4.18,4.24,3683234.0,12400,4.247
2023-03-03,4.24,4.58,4.22,4.57,4066858.0,15263,4.457
2023-03-06,4.58,4.6,4.39,4.43,2943639.0,11276,4.499
2023-03-07,4.43,4.49,4.34,4.4,1737213.0,7935,4.419
2023-03-08,4.39,4.4,4.26,4.29,1733146.0,5892,4.308
2023-03-09,4.29,4.35,4.07,4.08,2524807.0,8082,4.175
2023-03-10,4.05,4.07,3.78,3.91,5600416.0,17098,3.9
2023-03-13,3.79,4.01,3.7,3.94,3770980.0,12196,3.894
2023-03-14,4.05,4.07,3.84,3.89,2669890.0,9988,3.93
2023-03-15,3.83,3.94,3.77,3.92,1983728.0,6832,3.869
2023-03-16,3.86,4.0,3.77,3.96,1949429.0,6650,3.908
2023-03-17,3.97,4.02,3.84,3.88,2343810.0,7218,3.901
2023-03-20,3.9,3.95,3.8,3.85,1838604.0,6816,3.86
2023-03-21,3.92,3.98,3.81,3.95,2428578.0,8074,3.906
2023-03-22,3.92,3.99,3.85,3.85,2397107.0,7042,3.894
2023-03-23,3.88,3.99,3.81,3.85,2246580.0,6669,3.892
2023-03-24,3.86,3.94,3.69,3.93,3802105.0,9381,3.805
2023-03-27,4.0,4.16,3.92,3.93,2552173.0,7613,4.007
2023-03-28,3.92,3.98,3.85,3.89,1396953.0,4521,3.891
2023-03-29,3.95,3.98,3.86,3.96,2210714.0,6625,3.929
2023-03-30,3.99,4.06,3.88,3.95,2068128.0,7352,3.944
2023-03-31,3.95,4.17,3.91,4.04,2822487.0,10452,4.044
2023-04-03,4.05,4.1,3.96,4.04,1449227.0,5519,4.019
2023-04-04,4.06,4.08,3.83,3.87,2867665.0,8996,3.888
2023-04-05,3.87,3.88,3.65,3.67,3645515.0,10219,3.704
2023-04-06,3.69,3.77,3.62,3.77,2654083.0,8451,3.705
2023-04-10,3.73,4.01,3.72,4.0,3141434.0,10247,3.888
2023-04-11,4.05,4.11,3.99,4.07,2362997.0,8079,4.056
2023-04-12,4.13,4.15,3.94,3.96,2234426.0,9260,4.006
2023-04-13,4.03,4.15,3.99,4.11,1797827.0,6304,4.101
2023-04-14,4.09,4.1,3.93,4.02,1907808.0,6519,3.996
2023-04-17,4.01,4.21,3.97,4.14,2094259.0,6902,4.121
2023-04-18,4.17,4.17,4.03,4.08,1837244.0,6788,4.077
2023-04-19,4.03,4.06,3.96,4.0,1998011.0,7919,4.016
2023-04-20,3.99,4.03,3.88,3.95,3474272.0,9499,3.952
2023-04-21,3.95,4.02,3.93,4.0,1843948.0,5921,3.977
2023-04-24,4.01,4.07,3.88,3.92,1771362.0,6833,3.938
2023-04-25,3.88,3.9,3.76,3.81,1800482.0,6171,3.827
2023-04-26,3.82,3.88,3.74,3.77,1908908.0,6702,3.801
2023-04-27,3.82,3.9,3.78,3.9,1557764.0,5062,3.841
2023-04-28,3.87,3.95,3.84,3.92,1571076.0,5800,3.902
2023-05-01,3.92,3.99,3.84,3.88,1372572.0,5722,3.893
2023-05-02,3.86,3.86,3.75,3.77,1788511.0,6397,3.795
2023-05-03,3.81,4.01,3.77,3.91,2991502.0,9723,3.913
2023-05-04,3.9,3.93,3.83,3.88,2212989.0,7512,3.882
2023-05-05,3.81,3.91,3.78,3.85,2867448.0,10164,3.851
2023-05-08,3.91,3.94,3.83,3.85,3495479.0,11742,3.887
2023-05-09,3.87,4.02,3.76,3.94,4272456.0,15110,3.91
2023-05-10,4.05,4.2,3.85,4.12,5513105.0,14892,4.072
2023-05-11,4.12,4.39,4.04,4.1,4406172.0,13834,4.213
2023-05-12,4.14,4.26,4.05,4.12,3167701.0,10366,4.136
2023-05-15,4.2,4.38,4.07,4.34,3876858.0,12020,4.262
2023-05-16,4.32,4.36,4.22,4.28,2943092.0,9288,4.273
2023-05-17,4.33,4.61,4.26,4.5,4744594.0,16414,4.494
2023-05-18,4.51,4.68,4.45,4.65,3732291.0,12497,4.592
2023-05-19,4.7,4.7,4.55,4.67,3391721.0,11936,4.638
2023-05-22,4.7,5.02,4.69,4.95,3897975.0,11482,4.894
2023-05-23,4.8,4.9,4.45,4.52,6368188.0,19727,4.637
2023-05-24,4.55,4.65,4.36,4.63,3893838.0,13949,4.502
2023-05-25,4.65,4.7,4.45,4.59,2751238.0,12305,4.545
2023-05-26,4.59,4.6,4.38,4.45,2636274.0,11151,4.49
2023-05-30,4.51,4.66,4.5,4.59,2224081.0,8831,4.574
2023-05-31,4.56,4.61,4.47,4.58,2454898.0,8265,4.54
2023-06-01,4.62,4.78,4.52,4.74,2590744.0,8932,4.705
2023-06-02,4.8,4.93,4.76,4.9,2475919.0,8692,4.859
2023-06-05,4.85,4.95,4.79,4.9,2567306.0,9078,4.878
2023-06-06,4.9,5.19,4.89,5.18,3316572.0,10437,5.098
2023-06-07,5.24,5.41,5.12,5.13,3468164.0,11187,5.244
2023-06-08,5.14,5.28,5.04,5.28,2375150.0,10087,5.194
2023-06-09,5.3,5.37,5.17,5.22,2744895.0,10510,5.25
2023-06-12,5.24,5.36,5.1,5.32,2755447.0,11109,5.278
2023-06-13,5.35,6.1,5.33,5.94,7333844.0,22118,5.844
2023-06-14,5.96,6.04,5.58,5.69,4383383.0,15694,5.791
2023-06-15,5.64,5.79,5.48,5.68,3125499.0,12577,5.678
2023-06-16,5.8,5.83,5.48,5.6,4541270.0,16594,5.606
2023-06-20,5.65,5.94,5.61,5.81,3582234.0,13851,5.778
2023-06-21,5.75,5.95,5.65,5.9,2777064.0,10654,5.821
2023-06-22,5.86,5.87,5.57,5.79,2509361.0,9545,5.749
2023-06-23,5.72,5.74,5.52,5.54,3454862.0,12101,5.594
2023-06-26,5.56,5.67,5.36,5.37,2576089.0,10379,5.487
2023-06-27,5.38,5.53,5.31,5.5,1899826.0,7119,5.433
2023-06-28,5.6,6.01,5.51,5.87,3736169.0,11835,5.855
2023-06-29,5.88,6.06,5.79,5.98,3267669.0,10653,5.955
2023-06-30,6.07,6.14,5.95,6.0,4859588.0,14953,6.019
2023-07-03,6.04,6.07,5.94,5.98,2523534.0,7670,5.992
2023-07-05,5.98,6.02,5.82,5.86,2747795.0,9652,5.903
2023-07-06,5.75,5.77,5.53,5.6,2297302.0,8849,5.619
2023-07-07,5.62,5.8,5.62,5.73,1789344.0,7369,5.75
2023-07-10,5.71,5.98,5.68,5.97,2702756.0,10018,5.842
2023-07-11,6.01,6.25,5.85,6.18,6481221.0,19613,6.093
2023-07-12,6.35,6.42,5.9,6.07,4931427.0,14553,6.102
2023-07-13,6.12,6.82,6.12,6.64,7546557.0,24217,6.647
2023-07-14,6.73,6.84,6.28,6.32,4327928.0,13700,6.528
2023-07-17,6.33,6.94,6.2,6.89,4303302.0,14359,6.747
2023-07-18,7.05,7.87,7.0,7.83,11698828.0,35368,7.544
2023-07-19,7.88,8.05,7.61,7.93,8927058.0,28968,7.888
2023-07-20,7.81,8.03,7.56,7.81,5405403.0,17490,7.828
2023-07-21,7.87,7.89,7.36,7.5,5378552.0,20199,7.593
2023-07-24,7.44,7.5,7.27,7.39,3501783.0,13811,7.403
2023-07-25,7.52,7.79,7.52,7.62,4089255.0,14733,7.659
2023-07-26,7.5,7.53,6.98,7.14,6002403.0,21056,7.141
2023-07-27,7.27,7.29,6.71,6.73,5303448.0,16359,6.883
2023-07-28,6.85,7.13,6.85,7.1,3266679.0,11745,7.031
2023-07-31,7.11,7.4,7.09,7.37,3611326.0,14354,7.308
2023-08-01,7.25,7.35,7.15,7.26,1733181.0,7313,7.244
2023-08-02,7.08,7.1,6.8,6.98,3114364.0,12622,6.934
2023-08-03,6.91,7.14,6.8,7.03,2357528.0,10015,7.048
2023-08-04,7.05,7.14,6.8,6.83,2547759.0,9552,6.901
2023-08-07,6.87,6.88,6.4,6.59,3865840.0,12942,6.583
2023-08-08,6.43,6.74,6.27,6.66,3809495.0,16940,6.536
2023-08-09,7.36,7.49,6.15,6.45,6664308.0,26181,6.517
2023-08-10,6.51,6.7,6.13,6.23,3881513.0,14978,6.348
2023-08-11,6.15,6.39,6.12,6.32,1761098.0,6999,6.301
2023-08-14,6.24,6.37,6.08,6.31,1863662.0,6918,6.268
2023-08-15,6.26,6.28,6.07,6.09,2174353.0,7276,6.134
2023-08-16,6.03,6.11,5.87,5.88,2586001.0,9065,5.979
2023-08-17,5.9,5.95,5.55,5.56,3460545.0,11064,5.68
2023-08-18,5.42,5.93,5.36,5.86,3307640.0,11599,5.766
2023-08-21,5.94,5.98,5.82,5.88,2060999.0,8634,5.886
2023-08-22,5.93,6.0,5.65,5.83,1887386.0,8080,5.779
2023-08-23,5.83,6.01,5.83,5.93,1740351.0,6926,5.946
2023-08-24,6.03,6.08,5.6,5.65,2328888.0,8880,5.721
2023-08-25,5.7,5.88,5.63,5.79,2029756.0,8322,5.755
2023-08-28,5.87,6.03,5.83,5.93,1848984.0,6798,5.955
2023-08-29,5.87,6.27,5.84,6.17,2418688.0,8089,6.147
2023-08-30,6.16,6.45,6.11,6.38,2314857.0,8780,6.345
2023-08-31,6.38,6.49,6.22,6.31,2200966.0,7623,6.344
2023-09-01,6.4,6.48,6.27,6.34,1707421.0,7129,6.392
2023-09-05,6.31,6.6,6.29,6.53,2382061.0,8786,6.486
2023-09-06,6.51,6.58,6.3,6.41,1503066.0,6655,6.396
2023-09-07,6.28,6.36,6.06,6.32,2012971.0,7626,6.241
2023-09-08,6.31,6.34,6.14,6.2,1876118.0,7780,6.219
2023-09-11,6.27,6.35,6.03,6.04,2646531.0,11501,6.16
2023-09-12,5.81,5.83,5.27,5.3,11412645.0,34808,5.445
2023-09-13,5.46,5.48,5.23,5.37,4791452.0,16953,5.366
2023-09-14,5.36,5.43,5.21,5.26,3944175.0,16271,5.292
2023-09-15,5.25,5.29,5.06,5.12,4198631.0,14643,5.141
2023-09-18,5.1,5.22,5.02,5.04,2209498.0,9935,5.092
2023-09-19,4.26,4.76,4.17,4.66,12720680.0,30426,4.589
2023-09-20,4.62,4.64,4.39,4.42,5608397.0,17282,4.488
2023-09-21,4.34,4.57,4.25,4.48,4235416.0,13985,4.45
2023-09-22,4.54,4.67,4.45,4.48,2824716.0,9978,4.522
2023-09-25,4.47,4.5,4.31,4.35,2943233.0,10773,4.368
2023-09-26,4.32,4.44,4.22,4.24,2666681.0,8720,4.288
2023-09-27,4.2,4.33,4.19,4.3,3308443.0,10662,4.268
2023-09-28,4.31,4.42,4.24,4.34,2679804.0,10141,4.343
2023-09-29,4.4,4.57,4.32,4.38,2310249.0,8203,4.409
2023-10-02,4.39,4.42,4.29,4.39,2323349.0,8705,4.348
2023-10-03,4.35,4.37,4.13,4.17,2963363.0,11918,4.215
2023-10-04,4.23,4.34,4.14,4.31,2087004.0,8496,4.262
2023-10-05,4.32,4.48,4.26,4.45,1816953.0,6951,4.386
2023-10-06,4.39,4.53,4.35,4.5,2228840.0,8255,4.479
2023-10-09,4.41,4.65,4.41,4.62,2435602.0,9630,4.561
2023-10-10,4.66,5.02,4.65,4.86,3673054.0,10807,4.89
2023-10-11,4.95,5.07,4.76,4.83,3087332.0,10324,4.869
2023-10-12,4.87,4.88,4.35,4.42,3875975.0,12990,4.507
2023-10-13,4.46,4.48,4.23,4.29,3132476.0,10094,4.306
2023-10-16,4.28,4.5,4.24,4.46,2490962.0,8439,4.412
2023-10-17,4.39,4.53,4.32,4.48,2273172.0,9010,4.465
2023-10-18,4.39,4.43,4.2,4.25,2294905.0,8686,4.261
2023-10-19,4.29,4.35,4.19,4.21,2285989.0,7330,4.243
2023-10-20,4.2,4.22,4.06,4.09,2549114.0,9104,4.129
2023-10-23,4.08,4.23,4.0,4.11,2457354.0,8002,4.117
2023-10-24,4.19,4.28,4.1,4.14,1628991.0,7074,4.166
2023-10-25,4.09,4.19,4.06,4.09,1583623.0,6252,4.127
2023-10-26,4.21,4.35,4.19,4.28,2587236.0,9167,4.28
2023-10-27,4.31,4.37,4.14,4.16,1794634.0,6880,4.2
2023-10-30,4.2,4.28,4.11,4.2,1956952.0,7858,4.178
2023-10-31,4.19,4.25,4.11,4.23,1391994.0,6162,4.208
2023-11-01,4.21,4.26,4.12,4.24,1501620.0,6718,4.195
2023-11-02,4.33,4.64,4.33,4.59,3108022.0,11213,4.556
2023-11-03,4.71,4.81,4.59,4.61,2672337.0,9396,4.658
2023-11-06,4.63,4.65,4.33,4.35,1879681.0,6586,4.418
2023-11-07,4.33,4.51,4.27,4.5,1634673.0,6770,4.429
2023-11-08,4.52,4.52,4.35,4.36,1947264.0,7480,4.413
2023-11-09,4.54,4.55,4.21,4.28,4158714.0,12914,4.289
2023-11-10,4.32,4.4,4.21,4.37,1972525.0,8610,4.329
2023-11-13,4.38,4.39,4.26,4.33,1625831.0,7188,4.321
2023-11-14,4.5,4.64,4.2,4.32,19614697.0,31836,4.3
2023-11-15,4.38,4.65,4.31,4.4,6082949.0,20629,4.459
2023-11-16,4.37,4.4,4.14,4.22,4078631.0,12736,4.229
2023-11-17,4.26,4.31,4.15,4.21,3220907.0,10061,4.235
2023-11-20,4.3,4.39,4.26,4.31,3253291.0,10501,4.32
2023-11-21,4.32,4.32,4.17,4.21,2321962.0,7902,4.21
2023-11-22,4.22,4.31,4.19,4.26,2187547.0,7266,4.231
2023-11-24,4.28,4.41,4.2,4.38,1709586.0,5398,4.35
2023-11-27,4.37,4.41,4.25,4.27,2232810.0,7974,4.317
2023-11-28,4.3,4.41,4.16,4.4,3312207.0,11568,4.287
2023-11-29,4.5,4.64,4.35,4.39,4302480.0,14002,4.493
2023-11-30,4.41,4.51,4.34,4.38,2194798.0,7924,4.416
2023-12-01,4.4,4.56,4.36,4.46,3823267.0,11410,4.468
2023-12-04,4.46,4.59,4.45,4.58,2350386.0,8073,4.531
2023-12-05,4.54,4.6,4.42,4.45,2532829.0,8745,4.486
2023-12-06,4.48,4.61,4.45,4.46,1835316.0,6111,4.534
2023-12-07,4.51,4.71,4.46,4.7,3216564.0,9094,4.588
2023-12-08,4.76,4.94,4.72,4.8,2737664.0,9239,4.815
2023-12-11,4.79,4.84,4.6,4.66,2652142.0,9393,4.679
2023-12-12,4.63,4.67,4.48,4.6,2640069.0,8458,4.562
2023-12-13,4.6,4.93,4.53,4.93,3301777.0,9569,4.721
2023-12-14,5.15,5.48,5.03,5.17,5572160.0,17555,5.191
2023-12-15,4.99,5.07,4.6,4.61,11164573.0,32614,4.758
2023-12-18,4.68,4.69,4.44,4.49,5699652.0,17679,4.524
2023-12-19,4.54,4.69,4.52,4.69,4242773.0,11605,4.628
2023-12-20,4.68,4.75,4.39,4.41,4142968.0,11062,4.566
2023-12-21,4.49,4.54,4.34,4.43,4290845.0,12170,4.404
2023-12-22,5.09,5.76,4.94,5.44,47264268.0,103395,5.477
2023-12-26,5.64,5.83,5.38,5.64,17056639.0,39074,5.611
2023-12-27,5.65,5.81,5.55,5.74,7875590.0,20798,5.682
2023-12-28,5.71,6.14,5.65,5.79,10227566.0,27184,5.904
2023-12-29,5.78,5.78,5.44,5.53,8240915.0,19910,5.556
2024-01-02,5.44,5.57,5.27,5.31,5702599.0,18664,5.398
2024-01-03,5.17,5.21,5.05,5.1,5387709.0,14745,5.12
2024-01-04,5.12,5.56,5.1,5.47,7070987.0,17997,5.412
2024-01-05,5.45,5.62,5.36,5.4,4989121.0,13748,5.47
2024-01-08,5.42,5.65,5.32,5.55,4794494.0,12148,5.515
2024-01-09,5.66,5.67,5.4,5.45,6008023.0,17671,5.5
2024-01-10,5.45,5.48,5.27,5.34,5073067.0,13132,5.371
2024-01-11,5.3,5.32,5.06,5.16,5309335.0,14451,5.154
2024-01-12,5.19,5.35,5.11,5.17,3612007.0,10755,5.202
2024-01-16,5.11,5.16,4.88,4.94,5363536.0,13791,4.974
2024-01-17,4.9,5.02,4.85,4.92,3985100.0,11375,4.924
2024-01-18,5.0,5.05,4.77,4.85,4253898.0,12147,4.862
2024-01-19,4.9,4.9,4.69,4.86,3809784.0,9968,4.78
2024-01-22,4.9,5.07,4.85,5.05,4706027.0,12770,4.973
2024-01-23,5.15,5.22,5.03,5.08,2888886.0,8909,5.112
2024-01-24,5.17,5.25,4.97,5.03,2823843.0,10232,5.054
2024-01-25,5.11,5.11,4.83,4.92,3353058.0,9811,4.919
2024-01-26,4.94,5.02,4.85,4.88,2074896.0,6941,4.905
2024-01-29,4.88,5.14,4.88,5.14,2581471.0,7600,5.034
2024-01-30,5.08,5.11,4.92,4.98,2793182.0,8144,4.994
2024-01-31,4.98,5.16,4.85,4.85,2968208.0,8571,4.999
2024-02-01,4.19,4.29,3.89,4.02,56800033.0,108765,4.059
2024-02-02,4.01,4.02,3.92,3.98,18083467.0,42099,3.977
2024-02-05,3.98,4.11,3.95,4.07,9627314.0,26185,4.043
2024-02-06,4.04,4.26,4.03,4.26,8126619.0,20361,4.172
2024-02-07,4.29,4.47,4.19,4.27,6439086.0,15744,4.29
2024-02-08,4.28,4.36,4.23,4.3,3721464.0,10576,4.296
2024-02-09,4.39,4.42,4.24,4.34,4932441.0,14587,4.33
2024-02-12,4.44,4.79,4.43,4.72,11551154.0,29631,4.695
2024-02-13,4.58,4.65,4.38,4.44,7137343.0,18522,4.516
2024-02-14,4.57,4.82,4.39,4.8,8732986.0,23583,4.656
2024-02-15,4.88,5.04,4.8,4.89,6960598.0,20165,4.902
2024-02-16,4.9,5.08,4.84,4.89,6015456.0,16739,4.931
2024-02-20,4.92,5.1,4.79,4.83,6615028.0,17800,4.901
2024-02-21,4.8,4.81,4.62,4.64,4547204.0,14421,4.692
2024-02-22,4.71,4.75,4.43,4.44,7870163.0,18408,4.532
2024-02-23,4.46,4.53,4.36,4.38,5651874.0,17469,4.414
2024-02-26,4.39,4.6,4.35,4.57,5500251.0,16351,4.484
2024-02-27,4.6,4.8,4.57,4.71,8089375.0,23664,4.699
2024-02-28,4.42,4.77,4.11,4.59,10146184.0,23594,4.468
2024-02-29,4.69,4.81,4.49,4.58,4697339.0,14812,4.609
2024-03-01,4.63,4.67,4.5,4.54,4173836.0,12877,4.576
2024-03-04,4.62,4.7,4.39,4.43,5234074.0,13353,4.457
2024-03-05,4.39,4.39,4.17,4.24,7870858.0,22942,4.254
2024-03-06,4.3,4.47,4.26,4.3,4400385.0,13485,4.369
2024-03-07,4.35,4.44,4.29,4.43,4009484.0,12145,4.385
2024-03-08,4.47,4.53,4.34,4.42,3937204.0,13110,4.421
2024-03-11,4.44,4.73,4.44,4.48,5987587.0,19060,4.576
2024-03-12,4.34,4.38,4.23,4.34,7396612.0,22586,4.328
2024-03-13,4.34,4.45,4.28,4.29,3815771.0,11457,4.355
2024-03-14,4.28,4.3,4.11,4.17,6206221.0,14520,4.185
2024-03-15,4.14,4.27,4.11,4.12,5288866.0,12429,4.178
2024-03-18,4.16,4.16,3.97,4.0,8920259.0,19743,4.036
2024-03-19,4.0,4.1,3.98,4.06,5150773.0,14595,4.036
2024-03-20,4.01,4.1,3.95,4.03,6713289.0,15338,4.023
2024-03-21,4.11,4.28,4.05,4.09,7758707.0,14375,4.107
2024-03-22,4.06,4.12,4.0,4.05,7549898.0,13213,4.047
2024-03-25,4.07,4.2,4.06,4.08,3770550.0,9243,4.111
2024-03-26,4.1,4.19,4.05,4.06,3870813.0,10313,4.114
2024-03-27,4.1,4.15,4.05,4.14,3664461.0,11020,4.113
2024-03-28,4.13,4.23,4.09,4.11,3863073.0,7831,4.161
2024-04-01,4.13,4.14,4.03,4.08,4306431.0,10826,4.065
2024-04-02,4.03,4.03,3.83,3.87,10804356.0,24789,3.904
2024-04-03,3.9,3.95,3.8,3.88,6460630.0,16010,3.871
2024-04-04,3.93,4.04,3.86,3.9,5768776.0,13273,3.944
2024-04-05,3.91,3.92,3.78,3.8,6637407.0,15703,3.836
2024-04-08,3.81,3.84,3.73,3.77,5521302.0,12585,3.776
2024-04-09,3.84,3.92,3.78,3.84,4276208.0,10471,3.835
2024-04-10,3.74,3.78,3.66,3.74,6233658.0,14749,3.73
2024-04-11,3.83,3.96,3.78,3.86,6534593.0,16654,3.877
2024-04-12,3.85,3.87,3.7,3.73,5883427.0,15182,3.763
2024-04-15,3.76,3.79,3.51,3.53,12314035.0,19539,3.595
2024-04-16,3.51,3.65,3.47,3.56,5395858.0,12267,3.57
2024-04-17,3.58,3.66,3.54,3.57,3599854.0,8444,3.579
2024-04-18,3.58,3.64,3.48,3.55,4071973.0,9787,3.566
2024-04-19,3.53,3.62,3.51,3.55,4058919.0,9880,3.547
2024-04-22,3.59,3.61,3.49,3.59,4608240.0,9652,3.561
2024-04-23,3.58,3.78,3.57,3.68,5070804.0,11152,3.691
2024-04-24,3.73,3.78,3.62,3.69,5024916.0,11557,3.664
2024-04-25,3.66,3.69,3.56,3.65,3925933.0,10464,3.62
2024-04-26,3.67,3.78,3.65,3.77,3869049.0,8695,3.722
2024-04-29,3.81,3.83,3.73,3.8,2833818.0,6443,3.781
2024-04-30,3.82,3.84,3.71,3.76,5148783.0,8906,3.758
2024-05-01,3.76,3.98,3.72,3.85,7694135.0,15857,3.821
2024-05-02,3.9,3.96,3.81,3.95,4860574.0,10483,3.903
2024-05-03,4.0,4.08,3.96,4.0,4702527.0,12147,4.007
2024-05-06,4.06,4.12,4.02,4.06,6967765.0,15873,4.085
2024-05-07,3.9,3.99,3.65,3.97,15000756.0,29738,3.82
2024-05-08,3.88,4.12,3.82,4.1,8180365.0,19846,4.03
2024-05-09,4.12,4.3,4.11,4.26,6962483.0,15745,4.221
2024-05-10,4.1,4.2,3.97,4.11,8815789.0,23020,4.051
2024-05-13,4.16,4.46,4.15,4.16,8713148.0,20213,4.272
2024-05-14,4.24,4.58,4.24,4.56,16878681.0,34862,4.477
2024-05-15,4.6,4.64,4.31,4.34,8629886.0,21303,4.418
2024-05-16,4.34,4.45,4.22,4.24,4752044.0,12944,4.29
2024-05-17,4.24,4.3,4.18,4.25,4119003.0,11534,4.248
2024-05-20,4.29,4.44,4.23,4.4,4704014.0,11165,4.356
2024-05-21,4.38,4.53,4.35,4.46,4791789.0,13210,4.469
2024-05-22,4.47,4.49,4.28,4.34,3514663.0,11275,4.39
2024-05-23,4.36,4.38,4.18,4.22,4073959.0,12109,4.247
2024-05-24,4.25,4.27,4.18,4.21,3746911.0,12455,4.219
2024-05-28,4.25,4.47,4.24,4.39,6834816.0,17636,4.407
2024-05-29,4.31,4.32,4.15,4.18,5425780.0,13228,4.212
2024-05-30,4.28,4.38,4.17,4.33,4358447.0,13029,4.286
2024-05-31,4.34,4.42,4.22,4.37,4052458.0,13905,4.32
2024-06-03,4.4,4.45,4.26,4.33,3554414.0,13839,4.33
2024-06-04,4.29,4.31,4.23,4.28,3083360.0,10845,4.269
2024-06-05,4.33,4.44,4.26,4.44,4037091.0,10141,4.379
2024-06-06,4.38,4.44,4.32,4.37,2480379.0,6996,4.381
2024-06-07,4.31,4.44,4.28,4.44,2949776.0,8179,4.406
2024-06-10,4.37,4.62,4.33,4.56,6045234.0,11738,4.517
2024-06-11,4.55,4.6,4.41,4.57,5642971.0,11693,4.492
2024-06-12,4.71,4.94,4.62,4.64,6834419.0,15712,4.763
2024-06-13,4.7,4.71,4.51,4.55,3688061.0,8316,4.572
2024-06-14,4.5,4.53,4.33,4.39,4015968.0,10615,4.392
2024-06-17,4.35,4.38,4.19,4.34,6107121.0,18105,4.267
2024-06-18,4.56,4.99,4.54,4.91,17095737.0,35976,4.788
2024-06-20,4.94,4.97,4.67,4.8,9526286.0,24787,4.839
2024-06-21,4.81,5.1,4.72,5.01,9331192.0,19403,4.958
2024-06-24,5.08,5.16,4.75,4.83,9866206.0,21822,4.935
2024-06-25,4.81,4.84,4.66,4.74,4462543.0,11562,4.74
2024-06-26,4.68,4.8,4.67,4.76,3193351.0,8847,4.722
2024-06-27,4.79,4.92,4.76,4.86,3045327.0,10366,4.835
2024-06-28,4.9,4.95,4.7,4.8,4642136.0,10283,4.793
2024-07-01,4.78,4.8,4.5,4.54,5978722.0,15814,4.588
2024-07-02,4.51,4.65,4.49,4.61,3593349.0,11040,4.589
2024-07-03,4.63,4.73,4.61,4.62,2338723.0,5562,4.664
2024-07-05,4.65,4.88,4.64,4.88,3972416.0,9246,4.774
2024-07-08,4.97,5.12,4.92,4.97,4142142.0,12017,5.003
2024-07-09,4.97,5.09,4.91,5.08,3585746.0,9652,5.018
2024-07-10,5.15,5.25,5.03,5.13,4318475.0,10656,5.124
2024-07-11,5.22,5.35,5.15,5.33,6501007.0,15106,5.246
2024-07-12,5.39,5.68,5.38,5.65,8849761.0,21301,5.562
2024-07-15,5.58,5.77,5.36,5.72,6558499.0,17390,5.625
2024-07-16,5.81,5.84,5.51,5.63,8076777.0,21186,5.644
2024-07-17,5.45,5.61,5.34,5.45,6062635.0,18860,5.448
2024-07-18,5.5,5.55,5.19,5.26,5236800.0,14866,5.337
2024-07-19,5.26,5.36,5.15,5.2,2638500.0,7354,5.266
2024-07-22,5.25,5.37,5.18,5.34,3192005.0,9041,5.267
2024-07-23,5.33,5.52,5.3,5.4,3334254.0,10892,5.443
2024-07-24,5.31,5.47,5.19,5.21,3427763.0,9539,5.279
2024-07-25,5.12,5.4,5.09,5.25,4056435.0,12352,5.263
2024-07-26,5.34,5.46,5.3,5.4,3497902.0,9616,5.394
2024-07-29,5.42,5.5,5.28,5.32,3137825.0,8456,5.372
2024-07-30,5.34,5.4,5.16,5.26,3578664.0,9945,5.259
2024-07-31,5.3,5.45,5.21,5.24,3988153.0,11464,5.3
2024-08-01,5.24,5.25,4.89,4.96,6235805.0,15048,5.02
2024-08-02,4.71,4.86,4.65,4.81,6530968.0,15594,4.773
2024-08-05,4.23,4.75,4.2,4.66,5823054.0,14120,4.588
2024-08-06,4.81,4.86,4.62,4.71,3433796.0,10123,4.733
2024-08-07,4.82,4.82,4.55,4.58,4040688.0,10428,4.674
2024-08-08,4.68,4.93,4.63,4.77,4969114.0,13029,4.811
2024-08-09,5.35,5.59,5.2,5.37,15572243.0,38741,5.381
2024-08-12,5.42,5.54,5.18,5.39,5809525.0,15175,5.356
2024-08-13,5.28,5.3,5.03,5.23,9353771.0,25783,5.126
2024-08-14,5.27,5.35,5.16,5.18,3792885.0,9839,5.246
2024-08-15,5.25,6.04,5.25,5.83,20090419.0,41695,5.65
2024-08-16,6.27,7.1,5.92,6.56,59837899.0,132685,6.736
2024-08-19,6.78,7.36,6.47,7.19,39045391.0,83023,6.961
2024-08-20,7.25,7.26,6.6,6.65,22849034.0,48239,6.831
2024-08-21,6.7,7.27,6.22,7.0,24688834.0,49191,6.782
2024-08-22,7.0,7.26,6.83,6.84,13663277.0,27988,7.021
2024-08-23,6.99,7.07,6.76,6.96,12540173.0,26839,6.954
2024-08-26,6.97,6.97,6.51,6.74,10829494.0,22916,6.657
2024-08-27,6.59,6.6,6.11,6.12,14275310.0,30274,6.315
2024-08-28,6.02,6.25,5.96,6.09,10770289.0,20581,6.058
2024-08-29,6.19,6.47,6.14,6.23,6859085.0,15218,6.319
2024-08-30,6.24,6.49,6.22,6.27,6341341.0,14693,6.346
2024-09-03,6.2,6.25,5.99,6.06,5669417.0,13665,6.088
2024-09-04,6.03,6.47,6.02,6.34,8201318.0,19955,6.309
2024-09-05,6.29,6.34,6.04,6.08,5150893.0,13300,6.161
2024-09-06,6.11,6.2,5.74,5.81,7949672.0,16382,5.887
2024-09-09,5.9,6.28,5.88,6.14,6654401.0,13973,6.141
2024-09-10,6.14,6.17,5.96,6.15,5221100.0,13631,6.065
2024-09-11,6.18,6.7,6.15,6.68,11791017.0,22026,6.473
2024-09-12,6.68,7.05,6.63,6.86,9024620.0,23575,6.847
2024-09-13,6.96,7.47,6.91,7.46,12055222.0,27284,7.228
2024-09-16,7.47,7.53,7.17,7.37,7730288.0,22193,7.351
2024-09-17,7.45,7.51,7.07,7.17,7113849.0,18120,7.265
2024-09-18,7.15,7.5,7.1,7.12,8931547.0,19971,7.307
2024-09-19,7.33,7.38,7.0,7.17,7620934.0,15476,7.123
2024-09-20,7.15,7.72,7.13,7.47,12278693.0,26752,7.493
2024-09-23,7.63,7.67,7.46,7.56,9831322.0,20291,7.571
2024-09-24,7.58,7.62,7.27,7.59,7388225.0,19034,7.485
2024-09-25,7.55,8.79,7.55,8.62,26846727.0,58171,8.432
2024-09-26,8.84,8.98,8.63,8.69,12680798.0,28594,8.786
2024-09-27,8.87,10.29,8.84,9.78,34320532.0,81790,9.838
2024-09-30,9.87,10.15,9.52,9.73,16661660.0,39502,9.85
2024-10-01,9.66,9.72,9.09,9.23,11787775.0,28795,9.313
2024-10-02,8.96,9.76,8.8,9.71,13240346.0,36527,9.298
2024-10-03,9.6,9.86,9.16,9.25,7092298.0,20841,9.384
2024-10-04,9.52,10.01,9.42,9.8,9112503.0,23271,9.777
2024-10-07,9.98,10.11,9.48,9.68,9611913.0,25126,9.761
2024-10-08,9.61,10.14,9.36,9.41,9817360.0,22538,9.702
2024-10-09,9.27,9.66,8.99,9.45,8123189.0,19060,9.417
2024-10-10,9.33,9.53,9.27,9.39,5604275.0,16437,9.382
2024-10-11,9.35,9.78,9.2,9.7,6819268.0,18530,9.63
2024-10-14,9.92,10.11,9.66,9.88,11229670.0,27085,9.943
2024-10-15,9.82,10.34,9.48,9.94,15267505.0,37428,9.929
2024-10-16,10.03,11.19,9.98,11.19,21691758.0,53390,10.676
2024-10-17,11.17,11.19,10.55,10.68,11869992.0,32795,10.749
2024-10-18,10.77,11.0,10.48,10.81,7925368.0,23603,10.715
2024-10-21,10.85,11.29,10.68,11.26,8897417.0,23182,10.988
2024-10-22,11.21,11.52,11.03,11.16,9023667.0,22810,11.223
2024-10-23,11.14,11.27,10.64,10.91,8560589.0,22852,10.906
2024-10-24,11.01,12.09,11.0,11.19,14583371.0,39326,11.58
2024-10-25,11.24,11.33,10.91,11.18,8471977.0,22285,11.107
2024-10-28,11.25,11.47,11.06,11.26,6980283.0,17937,11.292
2024-10-29,11.15,11.58,10.87,11.47,8154841.0,19534,11.286
2024-10-30,11.35,11.63,10.95,10.96,7575934.0,18243,11.236
2024-10-31,10.91,10.91,10.29,10.7,10704340.0,30106,10.527
2024-11-01,10.88,11.5,10.85,11.42,8564965.0,24160,11.277
2024-11-04,11.27,11.4,10.97,11.25,6169402.0,18881,11.239
2024-11-05,11.32,11.85,11.28,11.81,6980735.0,18711,11.636
2024-11-06,12.29,13.06,12.07,13.05,13147632.0,41085,12.641
2024-11-07,13.5,13.89,13.08,13.46,12832814.0,41125,13.612
2024-11-08,13.32,13.9,12.9,13.51,14461578.0,49615,13.287
2024-11-11,14.65,15.24,14.01,14.78,21271098.0,69533,14.793
2024-11-12,14.49,15.02,14.24,14.66,13666698.0,47251,14.654
2024-11-13,19.24,22.55,18.65,18.83,100367418.0,293698,20.542
2024-11-14,19.43,19.43,17.25,17.36,30918401.0,96940,17.874
2024-11-15,17.02,19.48,16.8,19.0,36210134.0,126413,18.44
2024-11-18,19.54,20.35,18.47,19.29,24838897.0,77879,19.403
2024-11-19,19.04,20.97,18.72,20.5,24605586.0,86847,20.393
2024-11-20,20.58,20.76,19.64,20.18,14584760.0,47774,20.094
2024-11-21,20.4,22.48,19.75,22.41,24058663.0,82429,21.545
2024-11-22,23.03,23.81,22.38,23.26,23040095.0,71834,23.11
2024-11-25,25.39,25.58,22.82,24.06,31360532.0,102052,23.994
2024-11-26,23.72,26.71,23.62,25.44,36296470.0,109506,25.92
2024-11-27,25.82,27.2,24.73,25.67,22897918.0,74194,25.816
2024-11-29,26.0,28.05,25.66,27.28,16808803.0,57840,27.277
2024-12-02,27.98,28.1,24.0,24.16,34935356.0,113035,25.048
2024-12-03,23.8,24.26,22.5,23.01,24871466.0,85963,23.262
2024-12-04,22.97,24.0,22.34,23.11,18612014.0,68031,23.104
2024-12-05,23.11,24.52,22.66,23.92,16518692.0,58663,23.756
2024-12-06,24.43,25.0,23.43,24.68,15153645.0,55202,24.429
2024-12-09,24.96,25.09,21.87,23.24,21052639.0,73953,22.735
2024-12-10,22.85,24.4,22.8,22.85,10108013.0,39843,23.421
2024-12-11,22.88,23.99,21.93,23.35,11489546.0,45066,23.134
2024-12-12,22.93,23.96,22.33,22.58,9896845.0,37414,23.047
2024-12-13,22.43,24.57,22.42,24.42,15684139.0,56828,23.806
2024-12-16,24.46,25.95,23.35,25.9,15717955.0,61526,24.904
2024-12-17,25.9,26.45,24.53,26.37,11490095.0,44118,25.552
2024-12-18,26.23,26.78,22.89,22.92,17416096.0,66814,24.745
2024-12-19,23.66,24.7,22.7,23.22,12205009.0,46846,23.457
2024-12-20,22.14,25.29,22.01,24.87,15348470.0,57514,24.288
2024-12-23,24.95,26.32,24.34,25.59,11247936.0,40270,25.448
2024-12-24,25.59,26.6,25.09,26.6,7169531.0,27535,26.097
2024-12-26,26.6,28.8,26.11,28.44,17048506.0,65008,27.77
2024-12-27,28.21,28.71,26.74,27.22,12537086.0,47565,27.425
2024-12-30,26.2,26.81,24.9,26.32,10683744.0,43042,25.906
2024-12-31,26.54,26.88,25.18,25.47,10009868.0,38612,25.805
2025-01-02,25.43,25.66,23.7,24.96,11122146.0,41205,24.752
2025-01-03,25.04,28.77,25.02,28.74,17942188.0,63999,27.575
2025-01-06,28.99,30.26,28.58,28.8,17044931.0,63316,29.432
2025-01-07,29.13,29.96,27.42,27.95,15511259.0,50016,28.612
2025-01-08,27.3,28.32,25.89,27.36,14383232.0,54862,26.975
2025-01-10,26.85,27.99,26.01,26.91,12157426.0,43899,26.883
2025-01-13,25.6,25.67,23.61,23.91,14379233.0,50857,24.444
2025-01-14,24.46,24.86,23.42,24.16,11338073.0,40693,24.208
2025-01-15,25.04,26.5,24.78,24.87,11839195.0,42337,25.42
2025-01-16,25.03,25.78,24.2,24.64,8747291.0,31807,24.87
2025-01-17,25.13,25.66,23.94,24.0,10913004.0,36519,24.782
2025-01-21,26.0,31.64,25.52,31.27,52249712.0,162923,29.99
2025-01-22,29.65,30.18,28.44,29.62,22024042.0,76844,29.228
2025-01-23,29.0,31.75,28.51,31.57,19952411.0,60197,29.996
2025-01-24,32.03,33.34,30.2,30.36,19063965.0,63924,31.696
2025-01-27,28.94,30.23,28.48,29.43,13620849.0,43872,29.149
2025-01-28,29.7,30.49,27.85,28.98,13345607.0,47037,29.017
2025-01-29,29.18,30.45,28.26,28.87,10331480.0,33654,29.311
2025-01-30,29.21,30.81,27.77,28.53,16356705.0,54829,28.881
2025-01-31,28.6,30.53,28.25,29.05,17443407.0,55178,29.702
2025-02-03,27.19,29.18,26.45,28.38,14253380.0,45492,27.967
2025-02-04,29.04,30.16,28.41,28.68,13844889.0,46240,29.096
2025-02-05,28.96,29.14,27.85,28.6,12417177.0,40188,28.481
2025-02-06,28.58,28.92,27.25,27.68,12691062.0,43050,28.094
2025-02-07,27.99,29.7,27.22,27.41,16215882.0,56042,28.484
2025-02-10,27.77,31.08,27.36,30.6,22079223.0,73655,29.506
2025-02-11,29.98,30.32,28.08,28.22,16306033.0,58556,29.037
2025-02-12,28.01,28.58,27.4,27.62,11539024.0,38409,27.963
2025-02-13,28.09,28.39,27.01,28.3,15415010.0,48341,27.631
2025-02-14,28.24,28.65,27.04,28.02,12577589.0,39007,27.826
2025-02-18,28.27,29.79,27.38,27.74,17782270.0,53198,28.548
2025-02-19,27.9,28.3,25.73,25.93,14746561.0,53087,27.044
2025-02-20,25.98,26.15,23.87,25.26,18189181.0,70591,24.729
2025-02-21,25.93,25.93,23.36,23.55,13110388.0,49908,24.28
2025-02-24,23.74,23.9,21.72,22.49,15590400.0,63025,22.63
2025-02-25,21.7,22.16,19.78,20.28,24700652.0,90927,20.45
2025-02-26,21.02,21.46,20.5,21.25,13143960.0,54658,21.01
2025-02-27,21.99,22.16,19.75,19.83,14244464.0,59546,20.824
2025-02-28,16.36,20.49,16.17,20.49,30391498.0,114364,19.317
2025-03-03,21.09,21.45,18.4,18.66,22642284.0,81835,19.767
2025-03-04,17.94,19.95,17.51,19.0,20465360.0,86932,18.644
2025-03-05,19.12,20.84,18.77,20.4,14938044.0,60318,20.014
2025-03-06,19.58,20.27,18.37,18.66,14667921.0,60358,19.271
2025-03-07,18.29,19.1,17.67,18.8,11291909.0,46547,18.383
2025-03-10,18.2,18.23,16.47,17.12,17136724.0,71642,17.194
2025-03-11,16.31,18.14,16.05,17.83,11943485.0,51055,17.468
2025-03-12,18.92,19.38,17.58,18.43,14450026.0,47771,18.359
2025-03-13,18.35,18.52,17.29,17.57,8094610.0,34172,17.731
2025-03-14,18.1,18.97,17.8,18.81,9489678.0,37378,18.524
2025-03-17,19.09,19.95,18.85,19.1,11876657.0,48955,19.417
2025-03-18,18.6,18.6,17.96,17.98,7382702.0,30570,18.222
2025-03-19,18.3,19.07,17.78,18.78,8916354.0,39311,18.421
2025-03-20,18.4,18.87,18.16,18.53,6013115.0,26519,18.563
2025-03-21,18.11,18.98,17.98,18.94,8115420.0,30270,18.6
2025-03-24,19.43,20.45,19.41,20.21,9964192.0,39190,20.132
2025-03-25,20.3,20.39,19.61,20.27,9320385.0,41112,20.026
2025-03-26,20.09,20.35,19.39,19.44,10072137.0,45243,19.952
2025-03-27,19.05,19.29,18.31,18.42,8013697.0,31237,18.735
2025-03-28,19.56,19.79,18.43,18.62,20147342.0,69609,18.955
2025-03-31,17.89,18.4,17.35,17.88,10899578.0,44203,17.839
2025-04-01,17.69,18.8,17.11,18.15,11536467.0,38557,18.06
2025-04-02,17.59,19.75,17.5,19.34,11208087.0,43273,18.977
2025-04-03,17.73,18.31,17.42,17.89,13449151.0,51125,17.946
2025-04-04,17.13,17.38,15.0,16.37,18081580.0,60775,16.118
2025-04-07,14.77,18.24,14.71,17.52,19248668.0,64813,16.873
2025-04-08,18.53,19.39,16.73,17.18,16475345.0,66069,18.135
2025-04-09,17.5,21.39,17.2,20.59,24155513.0,95611,19.519
2025-04-10,19.8,20.74,18.93,19.63,13011812.0,54463,19.779
2025-04-11,19.56,19.97,18.87,19.63,12967808.0,38302,19.449
2025-04-14,20.31,20.46,18.66,19.13,9751875.0,32390,19.296
2025-04-15,19.95,22.1,19.77,21.07,25534816.0,81720,20.925
2025-04-16,20.35,20.64,19.51,19.98,12056323.0,42393,20.045
2025-04-17,20.04,20.43,19.42,19.74,7415879.0,21601,19.833
2025-04-21,19.47,19.72,18.21,18.65,7115476.0,26209,18.732
2025-04-22,18.88,19.42,18.54,19.04,7411142.0,26141,19.002
2025-04-23,20.46,21.4,20.09,20.29,14208891.0,46901,20.69
2025-04-24,20.26,22.07,20.02,21.88,12326206.0,45788,21.544
2025-04-25,21.99,22.56,21.75,22.38,10650811.0,34402,22.157
2025-04-28,23.18,23.77,21.72,22.67,10081621.0,36981,22.536
2025-04-29,22.83,23.0,22.3,22.4,4634184.0,18838,22.536
2025-04-30,21.2,22.1,20.73,21.79,7727760.0,28266,21.488
2025-05-01,22.37,22.38,21.7,22.12,6061062.0,25200,22.078
2025-05-02,22.44,23.42,22.34,22.99,9430998.0,37506,23.023
2025-05-05,22.51,22.93,22.26,22.48,5655195.0,21848,22.593
2025-05-06,21.94,22.44,21.5,22.37,5346575.0,21068,21.923
2025-05-07,22.4,22.48,21.84,22.29,5327634.0,22457,22.155
2025-05-08,23.03,23.2,22.25,23.1,10505276.0,41773,22.801
2025-05-09,22.8,22.9,20.23,20.51,24257270.0,87094,20.972
2025-05-12,21.72,21.8,20.88,21.26,11208749.0,43721,21.283
2025-05-13,21.68,22.37,21.44,21.83,11586297.0,46188,21.921
2025-05-14,21.99,24.52,21.86,24.13,29412622.0,111417,23.495
2025-05-15,23.59,25.23,22.77,25.22,22889298.0,83809,24.069
2025-05-16,25.3,25.75,24.93,25.57,19677983.0,63495,25.333
2025-05-19,24.3,25.82,24.29,25.8,14100476.0,46994,25.149
2025-05-20,25.94,26.4,25.34,26.0,15066711.0,51408,25.827
2025-05-21,25.66,26.66,25.04,25.17,13330398.0,57514,25.782
2025-05-22,24.77,26.57,23.92,25.82,14452636.0,59184,25.631
2025-05-23,25.34,25.52,24.67,25.42,10661569.0,40641,25.133
2025-05-27,26.6,28.76,26.58,28.76,16397753.0,53476,27.99
2025-05-28,29.91,30.78,28.52,28.93,23815891.0,87642,29.356
2025-05-29,29.7,30.03,27.26,27.35,12835229.0,45763,28.046
2025-05-30,27.02,27.22,26.03,26.79,9321367.0,38246,26.63
2025-06-02,26.54,27.0,25.81,26.6,8394697.0,28292,26.475
2025-06-03,27.39,28.0,26.47,26.72,9460879.0,33861,26.917
2025-06-04,26.75,27.46,26.16,26.91,9376854.0,31099,26.922
2025-06-05,26.94,26.96,25.52,26.45,16079844.0,58437,26.303
2025-06-06,28.16,29.09,26.35,28.92,26235939.0,103827,28.112
2025-06-09,30.0,32.7,28.35,29.64,47330152.0,173427,30.906
2025-06-10,29.56,29.79,27.0,27.17,24291503.0,79628,28.039
2025-06-11,27.71,28.04,26.89,27.36,15498532.0,57722,27.432
2025-06-12,27.02,27.41,26.28,26.4,9933615.0,35879,26.702
2025-06-13,25.65,26.51,25.24,25.41,11955207.0,42223,25.852
2025-06-16,25.87,26.58,25.6,26.55,10255531.0,35570,26.033
2025-06-17,26.1,27.22,25.71,26.42,11808891.0,42995,26.453
2025-06-18,26.4,28.07,26.23,27.85,15018523.0,54030,27.399
2025-06-20,28.37,30.11,27.84,30.04,27639430.0,90425,29.348
2025-06-23,28.95,32.93,28.44,32.78,35329882.0,125590,31.576
2025-06-24,33.08,34.23,32.43,33.46,21843595.0,80925,33.357
2025-06-25,34.1,34.5,31.78,32.35,16947338.0,61002,33.082
2025-06-26,32.41,37.27,32.41,36.14,32170772.0,119289,35.988
2025-06-27,36.65,37.66,34.83,35.38,21351085.0,78981,36.096
2025-06-30,36.54,37.95,35.42,35.77,12926860.0,45958,36.183
2025-07-01,37.0,38.26,33.88,34.33,20298582.0,71010,35.669
2025-07-02,34.36,35.79,33.73,35.68,10606067.0,41164,35.085
2025-07-03,35.79,36.21,35.25,35.66,5513826.0,20672,35.624
2025-07-07,37.0,39.06,35.27,38.88,28316319.0,96791,37.572
2025-07-08,38.5,39.94,37.98,38.74,19275237.0,69635,38.797
2025-07-09,38.54,39.43,37.77,39.14,12571809.0,37984,38.543
2025-07-10,39.17,39.68,38.13,39.1,10980522.0,40780,39.006
2025-07-11,38.97,40.3,38.6,39.03,13088622.0,48258,39.337
2025-07-14,39.3,43.47,38.77,43.21,23555513.0,83767,41.828
2025-07-15,43.29,45.48,42.82,44.6,23908327.0,91181,44.495
2025-07-16,45.55,48.07,44.86,47.69,21357986.0,73668,46.504
2025-07-17,48.66,53.44,48.6,51.33,37253780.0,134358,51.719
2025-07-18,50.65,51.85,47.91,51.39,23919871.0,85500,49.903
2025-07-21,50.05,51.58,46.85,47.19,22350548.0,77892,48.853
2025-07-22,45.8,47.87,44.46,46.88,18934048.0,66242,46.166
2025-07-23,47.68,49.28,46.93,49.15,14054221.0,46424,48.379
2025-07-24,49.3,49.62,47.31,48.13,9685464.0,34037,48.215
2025-07-25,47.85,48.23,46.45,47.43,10982007.0,43980,47.2
2025-07-28,48.05,48.17,44.41,45.11,15570655.0,62194,45.294
2025-07-29,45.41,45.51,42.83,43.79,11193776.0,45060,43.963
2025-07-30,43.86,46.56,43.36,46.44,13326543.0,52582,45.572
2025-07-31,46.35,47.72,45.43,45.92,9953907.0,40598,46.628
2025-08-01,43.2,46.17,42.31,44.81,13001085.0,49455,44.468
2025-08-04,45.1,45.8,44.07,44.54,7411288.0,34072,44.792
2025-08-05,45.13,45.38,43.13,44.75,8061040.0,34289,44.265
2025-08-06,44.71,45.1,43.67,44.1,5576796.0,23571,44.183
2025-08-07,44.19,44.58,43.1,44.21,12261513.0,51044,43.984
2025-08-08,47.52,49.92,43.5,44.69,29980673.0,121387,45.525
2025-08-11,44.65,46.1,41.5,45.02,19681089.0,76892,44.317
2025-08-12,45.29,47.27,43.42,43.43,15246140.0,56868,44.547
2025-08-13,44.0,44.7,42.44,43.0,11106021.0,42381,43.175
2025-08-14,42.76,45.69,42.01,42.81,14780930.0,54467,43.889
2025-08-15,42.98,44.88,41.75,44.27,11279557.0,42401,43.746
2025-08-18,44.3,47.08,44.03,44.97,16892052.0,63965,45.63
2025-08-19,45.0,45.16,40.9,40.92,17658912.0,64418,42.265
2025-08-20,40.21,40.86,38.26,40.69,15397887.0,56510,39.528
2025-08-21,40.78,41.87,40.22,41.53,10602289.0,35745,41.375
2025-08-22,40.97,44.69,40.41,44.38,14325546.0,53675,43.664
2025-08-25,45.1,49.59,44.05,47.22,24451075.0,88094,47.79
2025-08-26,47.82,50.92,47.0,48.13,19937437.0,73239,49.108
2025-08-27,48.68,48.74,45.82,46.25,12643616.0,46009,47.007
2025-08-28,46.81,47.98,45.34,47.91,12956308.0,47183,46.939
2025-08-29,47.88,48.8,46.02,48.6,11979445.0,44978,47.459
2025-09-02,46.74,49.54,45.68,49.31,16174409.0,57695,47.762
2025-09-03,50.27,50.9,43.51,43.53,26529726.0,94330,46.097
2025-09-04,44.16,44.58,42.7,42.99,13564245.0,51213,43.353
2025-09-05,43.59,45.99,42.39,45.84,13561732.0,49362,44.398
2025-09-08,45.48,48.2,45.48,47.73,14810651.0,58175,47.018
2025-09-09,47.01,47.53,45.51,47.03,10201370.0,38390,46.49
2025-09-10,47.53,48.11,45.6,46.17,8758005.0,32560,46.434
2025-09-11,46.32,49.67,46.05,48.43,18699965.0,58386,48.5
2025-09-12,48.85,54.03,48.61,53.34,22826586.0,76796,51.749
2025-09-15,53.59,55.17,52.72,54.04,17403417.0,71456,54.012
2025-09-16,52.0,52.08,47.01,47.24,33501073.0,135550,48.406
2025-09-17,47.57,48.54,46.45,48.08,15776255.0,67151,47.708
2025-09-18,48.83,49.19,47.0,47.18,13900013.0,55119,48.107
2025-09-19,47.68,48.93,47.13,47.79,16102254.0,61585,48.1
2025-09-22,47.13,50.26,46.8,49.81,17791140.0,62797,49.242
2025-09-23,49.07,54.16,47.91,52.91,30815842.0,107851,51.473
2025-09-24,51.8,52.48,48.43,48.69,23012925.0,87287,49.697
2025-09-25,47.96,48.62,45.21,46.63,16646205.0,66376,47.025
2025-09-26,47.3,47.69,45.83,46.26,11087793.0,37773,46.432
2025-09-29,47.4,48.1,46.37,47.01,11206682.0,42570,47.169
2025-09-30,47.22,47.99,46.51,47.91,10600158.0,42124,47.12
2025-10-01,47.4,49.42,47.12,47.97,16663753.0,53676,48.447
2025-10-02,48.63,52.65,48.51,52.47,23409339.0,80420,51.024
2025-10-03,52.05,56.94,51.26,56.16,29194789.0,94246,54.459
2025-10-06,56.89,59.26,55.8,58.5,19426879.0,65184,57.628
2025-10-07,59.01,62.56,57.02,61.51,23747186.0,89719,60.275
2025-10-08,64.23,68.54,63.65,65.31,22930496.0,95890,65.883
2025-10-09,64.85,68.54,64.42,66.42,16415079.0,59554,66.958
2025-10-10,70.8,73.5,64.14,64.26,30100073.0,112568,69.332
2025-10-13,67.88,70.44,64.62,65.42,15277341.0,58144,67.16
2025-10-14,65.34,69.67,62.19,68.03,17924905.0,68088,67.379
2025-10-15,70.02,73.97,67.08,69.27,19447073.0,72679,70.34
2025-10-16,70.07,72.25,66.42,67.0,15192937.0,56072,68.855
2025-10-17,65.97,68.5,63.7,66.27,11985662.0,45313,65.94
2025-10-20,69.14,72.18,66.67,67.35,16900894.0,63102,69.748
2025-10-21,67.93,68.04,64.86,65.4,9414064.0,38497,66.36
2025-10-22,62.97,64.02,58.41,60.56,16024597.0,60975,60.831
2025-10-23,61.53,64.7,60.75,63.57,9795079.0,35543,63.166
2025-10-24,64.81,66.18,63.65,64.56,8329024.0,33376,64.812
2025-10-27,66.12,66.35,64.15,65.62,7249742.0,29702,65.357
2025-10-28,65.67,66.54,63.61,63.75,7724607.0,29812,65.161
2025-10-29,64.14,67.39,63.48,66.16,10417125.0,42547,65.928
2025-10-30,65.08,65.18,60.89,60.92,8308333.0,35115,62.907
2025-10-31,61.81,63.45,60.4,62.98,8630064.0,33871,62.098
2025-11-03,63.03,63.1,59.13,61.34,8295979.0,34677,60.942
2025-11-04,57.98,59.49,56.51,56.57,9046164.0,35520,58.067
2025-11-05,56.66,57.28,54.87,56.42,8652676.0,36902,56.213
2025-11-06,56.23,56.23,49.41,49.61,15061478.0,63202,52.019
2025-11-07,47.87,52.1,46.31,51.64,17856311.0,69666,48.638
2025-11-10,53.68,54.5,50.76,51.9,13658277.0,57179,52.273
2025-11-11,56.05,56.96,51.21,51.24,24087086.0,92346,53.948
2025-11-12,51.93,55.33,49.66,49.97,15687442.0,58968,51.969
2025-11-13,48.76,49.38,44.37,45.25,19340167.0,73863,45.998
2025-11-14,43.7,47.22,43.3,45.54,14694250.0,53863,46.022
2025-11-17,45.15,45.69,42.22,43.31,12451243.0,50369,43.501
2025-11-18,42.22,43.61,41.23,42.78,11753626.0,49083,42.556
2025-11-19,42.5,44.53,42.43,43.62,10551259.0,44271,43.515
2025-11-20,46.08,46.26,39.32,39.48,17424571.0,63229,41.863
2025-11-21,39.88,41.05,37.57,40.3,13405705.0,53030,39.538
2025-11-24,40.78,42.53,39.3,42.45,12066587.0,49022,41.071
2025-11-25,42.03,42.81,40.38,42.6,7204127.0,29205,41.703
2025-11-26,43.24,43.59,41.37,41.93,7895709.0,28781,42.158
2025-11-28,42.51,42.7,41.8,42.14,3916342.0,15945,42.316
2025-12-01,41.15,41.3,39.99,40.37,8581508.0,38393,40.698
2025-12-02,40.56,42.99,40.42,41.9,9044569.0,33597,42.012
2025-12-03,41.87,44.74,41.5,44.72,9713011.0,41753,43.247
2025-12-04,45.65,49.68,44.82,49.37,20326126.0,65925,47.61
2025-12-05,48.88,49.7,47.7,49.05,9955942.0,39359,48.774
2025-12-08,50.06,52.37,49.22,51.56,13296358.0,49388,50.756
2025-12-09,51.22,53.75,50.34,53.43,11009531.0,41193,52.104
2025-12-10,53.44,58.83,52.25,57.52,26457026.0,95985,56.222
2025-12-11,57.5,64.15,56.85,63.53,22753923.0,82180,60.944
2025-12-12,62.5,65.18,59.8,61.49,24415908.0,86107,62.709
2025-12-15,62.94,64.56,55.08,55.41,24165398.0,88783,57.717
2025-12-16,54.18,56.73,52.68,55.49,16994276.0,59901,54.804
2025-12-17,56.1,56.91,53.08,53.96,15430449.0,56322,54.536
2025-12-18,56.11,60.25,56.03,59.92,18733604.0,70962,58.347
2025-12-19,61.11,70.56,60.74,70.52,33113136.0,121147,67.745
2025-12-22,72.96,78.45,72.75,77.55,34815124.0,123181,76.515
2025-12-23,73.75,79.18,73.29,77.18,25577270.0,92340,77.015
2025-12-24,78.04,79.83,74.8,77.18,12694731.0,40439,76.868
2025-12-26,76.68,76.99,70.39,70.65,16538740.0,58708,72.26
2025-12-29,69.5,72.74,69.32,70.12,13511062.0,51723,71.121
2025-12-30,73.03,74.69,70.44,70.45,22374643.0,79465,72.446
2025-12-31,71.72,73.2,69.13,69.76,12858044.0,44216,70.584
2026-01-02,70.63,76.07,66.85,75.99,24270279.0,85227,72.235
2026-01-05,74.51,78.25,71.31,78.14,25339154.0,91717,74.873
2026-01-06,77.82,86.25,74.05,86.03,33364178.0,120211,81.042
2026-01-07,84.1,85.96,81.88,84.08,21065275.0,82199,84.105
2026-01-08,85.5,89.87,82.26,83.08,22341951.0,80402,85.038
2026-01-09,84.59,88.43,82.45,84.85,18426970.0,63781,85.885
2026-01-12,84.99,88.84,83.41,87.9,15926386.0,56581,86.355
2026-01-13,89.14,89.73,85.65,86.58,16799019.0,53493,87.551
2026-01-14,86.31,92.19,84.5,91.8,22130080.0,77449,88.441
2026-01-15,89.27,92.46,86.65,90.76,18965807.0,68534,89.5
2026-01-16,92.53,99.58,92.4,96.3,27833450.0,99603,96.934
2026-01-20,93.7,98.27,88.3,89.16,19524225.0,74707,92.098
2026-01-21,90.29,91.25,82.71,87.82,19888210.0,77851,86.479
2026-01-22,86.3,89.4,81.35,87.98,20970200.0,80102,85.25
2026-01-23,89.06,94.45,86.12,88.9,18686089.0,65717,90.7
2026-01-26,86.75,87.16,80.01,80.48,15126641.0,56541,83.117
2026-01-27,82.89,87.0,82.0,87.0,12715178.0,49760,85.161
2026-01-28,87.42,89.8,86.02,88.57,12247047.0,44806,88.208
2026-01-29,87.94,89.0,83.0,85.68,11477330.0,46125,85.487
2026-01-30,85.0,89.32,78.02,80.07,16545045.0,63839,81.97
2026-02-02,79.16,80.7,73.87,74.15,12238304.0,53581,76.084
2026-02-03,78.6,81.32,75.77,81.27,13409074.0,57031,78.205
2026-02-04,81.35,81.35,68.56,73.11,19163526.0,80820,72.35
2026-02-05,69.96,72.99,65.2,66.32,15257869.0,61247,68.407
2026-02-06,69.0,72.66,67.0,72.32,13392175.0,54322,70.171
2026-02-09,72.03,76.8,70.75,75.84,11042802.0,46487,75.34
2026-02-10,74.69,75.86,71.55,72.03,9416971.0,36418,73.412
2026-02-11,73.22,73.4,67.02,69.62,12078031.0,49821,69.144
2026-02-12,67.53,68.45,63.87,66.01,12980772.0,53000,65.725
2026-02-13,66.7,69.6,65.5,67.44,10218885.0,39853,67.667
2026-02-17,66.11,70.99,65.0,69.89,8647448.0,33320,68.6
2026-02-18,71.0,75.77,69.98,74.42,13513599.0,54154,74.365
2026-02-19,72.9,77.11,72.35,76.58,10745020.0,38314,75.512
2026-02-20,75.5,78.2,69.4,70.86,12970163.0,45366,73.492
2026-02-23,68.76,71.25,68.5,70.21,9113122.0,38047,70.035
2026-02-24,68.88,70.06,66.6,69.97,9005164.0,37006,68.83
2026-02-25,71.09,71.85,68.88,70.2,7926946.0,29973,70.655
2026-02-26,70.05,72.74,68.81,72.65,11869729.0,49159,70.917
2026-02-27,67.59,69.59,64.1,69.1,15434714.0,64567,66.868
2026-03-02,66.68,72.1,66.45,70.97,13260309.0,54963,70.108
2026-03-03,68.86,73.25,66.19,70.13,12212942.0,47174,70.161
2026-03-04,70.81,74.1,69.47,71.91,11988083.0,45082,72.001
2026-03-05,71.0,72.31,67.34,70.0,9993276.0,37808,69.594
2026-03-06,68.24,75.11,68.07,70.11,17112768.0,59865,72.202
2026-03-09,69.39,72.13,67.82,71.48,12078356.0,44014,69.844
2026-03-10,70.34,72.94,68.62,68.93,12965685.0,43115,71.033
2026-03-11,68.93,73.3,68.33,71.96,12913649.0,42278,71.469
2026-03-12,71.93,72.6,68.28,68.37,13024099.0,46040,70.059
2026-03-13,69.15,71.31,67.44,68.41,11541730.0,40298,69.506
2026-03-16,69.33,72.38,68.67,71.31,12156417.0,41261,70.615
2026-03-17,71.41,78.67,71.27,78.59,20866796.0,68693,76.107
2026-03-18,76.05,76.88,69.4,69.48,21278283.0,83192,72.091
2026-03-19,68.88,72.73,68.0,71.93,19935046.0,74187,70.987
2026-03-20,72.0,73.98,66.39,67.23,16067519.0,66119,69.263
2026-03-23,68.1,69.45,66.05,68.0,14109327.0,55434,67.972
2026-03-24,67.0,68.6,64.46,66.07,13611698.0,53776,65.957
2026-03-25,68.94,75.06,68.94,72.88,23719939.0,94910,72.565
2026-03-26,70.93,72.09,65.59,65.94,15193381.0,62614,68.105
2026-03-27,66.03,66.1,60.35,60.93,13954078.0,58498,62.2
2026-03-30,61.45,61.64,56.13,57.38,13510736.0,54586,58.209
2026-03-31,61.35,64.58,59.03,64.22,17939376.0,75755,62.193
2026-04-01,65.43,68.67,65.3,65.52,18310107.0,74876,66.907
2026-04-02,62.23,69.39,61.82,67.73,24202029.0,113433,66.803
2026-04-06,67.73,70.32,66.6,67.67,15484368.0,64295,68.383
2026-04-07,67.09,68.3,63.96,66.32,15779631.0,64351,65.677
2026-04-08,72.0,73.67,67.81,69.08,16917508.0,65508,70.248
2026-04-09,69.06,69.79,66.54,66.74,11921040.0,42566,67.708
2026-04-10,67.7,70.06,66.34,68.05,12326211.0,44537,68.157
2026-04-13,67.05,71.55,66.59,70.62,13532914.0,45630,70.04
2026-04-14,73.56,74.75,70.48,72.22,14790647.0,52835,72.6
2026-04-15,73.59,74.59,69.6,73.6,17139187.0,62718,72.351
2026-04-16,76.97,83.49,76.9,82.93,29560115.0,114892,80.647
2026-04-17,84.08,86.99,83.6,84.8,17203207.0,71272,85.238
2026-04-20,84.85,90.35,84.6,89.46,19959959.0,74102,88.117
2026-04-21,90.33,91.95,85.75,86.64,18041943.0,73590,88.977
2026-04-22,90.47,93.1,87.76,90.04,15019704.0,61165,90.191
2026-04-23,89.85,90.3,81.56,84.6,15252546.0,66739,85.341
2026-04-24,86.34,86.41,79.08,79.68,14736291.0,68373,81.753
2026-04-27,79.69,82.48,77.05,82.29,13085988.0,57686,79.662
2026-04-28,80.08,81.78,77.6,78.59,9758418.0,41227,79.153
2026-04-29,77.86,78.07,73.99,77.02,12391764.0,51070,75.69
2026-04-30,77.58,83.59,77.47,82.51,12540068.0,49230,81.444
2026-05-01,83.5,83.79,78.43,78.81,11333034.0,42539,80.308
2026-05-04,78.33,81.84,76.25,80.31,11524287.0,44648,79.855
2026-05-05,82.6,83.0,76.56,78.76,11640522.0,48755,78.396
2026-05-06,79.71,84.68,78.86,84.65,12873191.0,48549,82.289
2026-05-07,84.69,84.79,77.93,78.58,12525911.0,55318,80.507
2026-05-08,86.03,105.62,85.87,105.47,50906482.0,209517,97.731
2026-05-11,105.27,123.94,104.17,117.35,35265615.0,148231,116.663
2026-05-12,112.76,121.49,112.41,117.05,18074514.0,78086,116.977
